--
-- PostgreSQL database dump
--


-- Dumped from database version 16.13
-- Dumped by pg_dump version 16.13

SET statement_timeout = 0;
SET lock_timeout = 0;
SET idle_in_transaction_session_timeout = 0;
SET client_encoding = 'UTF8';
SET standard_conforming_strings = on;
SELECT pg_catalog.set_config('search_path', '', false);
SET check_function_bodies = false;
SET xmloption = content;
SET client_min_messages = warning;
SET row_security = off;

SET default_tablespace = '';

SET default_table_access_method = heap;

--
-- Name: auth_group; Type: TABLE; Schema: public; Owner: itcadmin
--

CREATE TABLE public.auth_group (
    id integer NOT NULL,
    name character varying(150) NOT NULL
);


ALTER TABLE public.auth_group OWNER TO itcadmin;

--
-- Name: auth_group_id_seq; Type: SEQUENCE; Schema: public; Owner: itcadmin
--

ALTER TABLE public.auth_group ALTER COLUMN id ADD GENERATED BY DEFAULT AS IDENTITY (
    SEQUENCE NAME public.auth_group_id_seq
    START WITH 1
    INCREMENT BY 1
    NO MINVALUE
    NO MAXVALUE
    CACHE 1
);


--
-- Name: auth_group_permissions; Type: TABLE; Schema: public; Owner: itcadmin
--

CREATE TABLE public.auth_group_permissions (
    id bigint NOT NULL,
    group_id integer NOT NULL,
    permission_id integer NOT NULL
);


ALTER TABLE public.auth_group_permissions OWNER TO itcadmin;

--
-- Name: auth_group_permissions_id_seq; Type: SEQUENCE; Schema: public; Owner: itcadmin
--

ALTER TABLE public.auth_group_permissions ALTER COLUMN id ADD GENERATED BY DEFAULT AS IDENTITY (
    SEQUENCE NAME public.auth_group_permissions_id_seq
    START WITH 1
    INCREMENT BY 1
    NO MINVALUE
    NO MAXVALUE
    CACHE 1
);


--
-- Name: auth_permission; Type: TABLE; Schema: public; Owner: itcadmin
--

CREATE TABLE public.auth_permission (
    id integer NOT NULL,
    name character varying(255) NOT NULL,
    content_type_id integer NOT NULL,
    codename character varying(100) NOT NULL
);


ALTER TABLE public.auth_permission OWNER TO itcadmin;

--
-- Name: auth_permission_id_seq; Type: SEQUENCE; Schema: public; Owner: itcadmin
--

ALTER TABLE public.auth_permission ALTER COLUMN id ADD GENERATED BY DEFAULT AS IDENTITY (
    SEQUENCE NAME public.auth_permission_id_seq
    START WITH 1
    INCREMENT BY 1
    NO MINVALUE
    NO MAXVALUE
    CACHE 1
);


--
-- Name: authentication_user; Type: TABLE; Schema: public; Owner: itcadmin
--

CREATE TABLE public.authentication_user (
    password character varying(128) NOT NULL,
    last_login timestamp with time zone,
    is_superuser boolean NOT NULL,
    id uuid NOT NULL,
    email character varying(254) NOT NULL,
    is_active boolean NOT NULL,
    is_staff boolean NOT NULL,
    created_at timestamp with time zone NOT NULL,
    updated_at timestamp with time zone NOT NULL
);


ALTER TABLE public.authentication_user OWNER TO itcadmin;

--
-- Name: authentication_user_groups; Type: TABLE; Schema: public; Owner: itcadmin
--

CREATE TABLE public.authentication_user_groups (
    id bigint NOT NULL,
    user_id uuid NOT NULL,
    group_id integer NOT NULL
);


ALTER TABLE public.authentication_user_groups OWNER TO itcadmin;

--
-- Name: authentication_user_groups_id_seq; Type: SEQUENCE; Schema: public; Owner: itcadmin
--

ALTER TABLE public.authentication_user_groups ALTER COLUMN id ADD GENERATED BY DEFAULT AS IDENTITY (
    SEQUENCE NAME public.authentication_user_groups_id_seq
    START WITH 1
    INCREMENT BY 1
    NO MINVALUE
    NO MAXVALUE
    CACHE 1
);


--
-- Name: authentication_user_user_permissions; Type: TABLE; Schema: public; Owner: itcadmin
--

CREATE TABLE public.authentication_user_user_permissions (
    id bigint NOT NULL,
    user_id uuid NOT NULL,
    permission_id integer NOT NULL
);


ALTER TABLE public.authentication_user_user_permissions OWNER TO itcadmin;

--
-- Name: authentication_user_user_permissions_id_seq; Type: SEQUENCE; Schema: public; Owner: itcadmin
--

ALTER TABLE public.authentication_user_user_permissions ALTER COLUMN id ADD GENERATED BY DEFAULT AS IDENTITY (
    SEQUENCE NAME public.authentication_user_user_permissions_id_seq
    START WITH 1
    INCREMENT BY 1
    NO MINVALUE
    NO MAXVALUE
    CACHE 1
);


--
-- Name: core_profile; Type: TABLE; Schema: public; Owner: itcadmin
--

CREATE TABLE public.core_profile (
    id uuid NOT NULL,
    first_name character varying(150) NOT NULL,
    middle_name character varying(150),
    last_name character varying(150) NOT NULL,
    suffix character varying(50),
    user_id uuid NOT NULL
);


ALTER TABLE public.core_profile OWNER TO itcadmin;

--
-- Name: core_unit; Type: TABLE; Schema: public; Owner: itcadmin
--

CREATE TABLE public.core_unit (
    id uuid NOT NULL,
    name character varying(255) NOT NULL,
    short_code character varying(50) NOT NULL,
    description text,
    parent_id uuid
);


ALTER TABLE public.core_unit OWNER TO itcadmin;

--
-- Name: core_unitofmeasure; Type: TABLE; Schema: public; Owner: itcadmin
--

CREATE TABLE public.core_unitofmeasure (
    id uuid NOT NULL,
    name character varying(255) NOT NULL,
    short_code character varying(50) NOT NULL,
    description text
);


ALTER TABLE public.core_unitofmeasure OWNER TO itcadmin;

--
-- Name: core_userunit; Type: TABLE; Schema: public; Owner: itcadmin
--

CREATE TABLE public.core_userunit (
    id uuid NOT NULL,
    is_primary boolean NOT NULL,
    is_active boolean NOT NULL,
    created_at timestamp with time zone NOT NULL,
    unit_id uuid NOT NULL,
    user_id uuid NOT NULL
);


ALTER TABLE public.core_userunit OWNER TO itcadmin;

--
-- Name: django_admin_log; Type: TABLE; Schema: public; Owner: itcadmin
--

CREATE TABLE public.django_admin_log (
    id integer NOT NULL,
    action_time timestamp with time zone NOT NULL,
    object_id text,
    object_repr character varying(300) NOT NULL,
    action_flag smallint NOT NULL,
    change_message text NOT NULL,
    content_type_id integer,
    user_id uuid NOT NULL,
    CONSTRAINT django_admin_log_action_flag_check CHECK ((action_flag >= 0))
);


ALTER TABLE public.django_admin_log OWNER TO itcadmin;

--
-- Name: django_admin_log_id_seq; Type: SEQUENCE; Schema: public; Owner: itcadmin
--

ALTER TABLE public.django_admin_log ALTER COLUMN id ADD GENERATED BY DEFAULT AS IDENTITY (
    SEQUENCE NAME public.django_admin_log_id_seq
    START WITH 1
    INCREMENT BY 1
    NO MINVALUE
    NO MAXVALUE
    CACHE 1
);


--
-- Name: django_content_type; Type: TABLE; Schema: public; Owner: itcadmin
--

CREATE TABLE public.django_content_type (
    id integer NOT NULL,
    app_label character varying(100) NOT NULL,
    model character varying(100) NOT NULL
);


ALTER TABLE public.django_content_type OWNER TO itcadmin;

--
-- Name: django_content_type_id_seq; Type: SEQUENCE; Schema: public; Owner: itcadmin
--

ALTER TABLE public.django_content_type ALTER COLUMN id ADD GENERATED BY DEFAULT AS IDENTITY (
    SEQUENCE NAME public.django_content_type_id_seq
    START WITH 1
    INCREMENT BY 1
    NO MINVALUE
    NO MAXVALUE
    CACHE 1
);


--
-- Name: django_migrations; Type: TABLE; Schema: public; Owner: itcadmin
--

CREATE TABLE public.django_migrations (
    id bigint NOT NULL,
    app character varying(255) NOT NULL,
    name character varying(255) NOT NULL,
    applied timestamp with time zone NOT NULL
);


ALTER TABLE public.django_migrations OWNER TO itcadmin;

--
-- Name: django_migrations_id_seq; Type: SEQUENCE; Schema: public; Owner: itcadmin
--

ALTER TABLE public.django_migrations ALTER COLUMN id ADD GENERATED BY DEFAULT AS IDENTITY (
    SEQUENCE NAME public.django_migrations_id_seq
    START WITH 1
    INCREMENT BY 1
    NO MINVALUE
    NO MAXVALUE
    CACHE 1
);


--
-- Name: django_session; Type: TABLE; Schema: public; Owner: itcadmin
--

CREATE TABLE public.django_session (
    session_key character varying(40) NOT NULL,
    session_data text NOT NULL,
    expire_date timestamp with time zone NOT NULL
);


ALTER TABLE public.django_session OWNER TO itcadmin;

--
-- Name: pme_document; Type: TABLE; Schema: public; Owner: itcadmin
--

CREATE TABLE public.pme_document (
    id uuid NOT NULL,
    name character varying(255) NOT NULL,
    short_code character varying(50),
    description text,
    start_date date,
    end_date date,
    status integer NOT NULL,
    created_at timestamp with time zone NOT NULL,
    updated_at timestamp with time zone NOT NULL,
    reporting_frequency_id uuid,
    template_id uuid NOT NULL
);


ALTER TABLE public.pme_document OWNER TO itcadmin;

--
-- Name: pme_initiative; Type: TABLE; Schema: public; Owner: itcadmin
--

CREATE TABLE public.pme_initiative (
    id uuid NOT NULL,
    description character varying(500) NOT NULL,
    target_date date NOT NULL,
    value numeric(18,2) NOT NULL,
    remarks text,
    created_by_id uuid NOT NULL,
    unit_id uuid,
    item_id uuid NOT NULL
);


ALTER TABLE public.pme_initiative OWNER TO itcadmin;

--
-- Name: pme_initiativeaccomplishment; Type: TABLE; Schema: public; Owner: itcadmin
--

CREATE TABLE public.pme_initiativeaccomplishment (
    id uuid NOT NULL,
    file_path character varying(500),
    created_at timestamp with time zone NOT NULL,
    updated_at timestamp with time zone NOT NULL,
    initiative_id uuid NOT NULL,
    submitted_by_id uuid NOT NULL,
    reporting_period_id uuid
);


ALTER TABLE public.pme_initiativeaccomplishment OWNER TO itcadmin;

--
-- Name: pme_item; Type: TABLE; Schema: public; Owner: itcadmin
--

CREATE TABLE public.pme_item (
    id uuid NOT NULL,
    code character varying(50) NOT NULL,
    name character varying(300) NOT NULL,
    description text,
    target numeric(15,2),
    start_date date,
    end_date date,
    status integer NOT NULL,
    created_at timestamp with time zone NOT NULL,
    updated_at timestamp with time zone NOT NULL,
    document_id uuid NOT NULL,
    parent_id uuid,
    unit_of_measure_id uuid,
    template_node_type_id uuid NOT NULL
);


ALTER TABLE public.pme_item OWNER TO itcadmin;

--
-- Name: pme_itemcontributor; Type: TABLE; Schema: public; Owner: itcadmin
--

CREATE TABLE public.pme_itemcontributor (
    id uuid NOT NULL,
    item_id uuid NOT NULL,
    unit_id uuid NOT NULL
);


ALTER TABLE public.pme_itemcontributor OWNER TO itcadmin;

--
-- Name: pme_reportingfrequency; Type: TABLE; Schema: public; Owner: itcadmin
--

CREATE TABLE public.pme_reportingfrequency (
    id uuid NOT NULL,
    name character varying(100) NOT NULL,
    short_code character varying(50) NOT NULL,
    description text,
    months_interval smallint NOT NULL,
    CONSTRAINT pme_reportingfrequency_months_interval_check CHECK ((months_interval >= 0))
);


ALTER TABLE public.pme_reportingfrequency OWNER TO itcadmin;

--
-- Name: pme_reportingperiod; Type: TABLE; Schema: public; Owner: itcadmin
--

CREATE TABLE public.pme_reportingperiod (
    id uuid NOT NULL,
    period_number integer NOT NULL,
    start_date date NOT NULL,
    end_date date NOT NULL,
    deadline date NOT NULL,
    document_id uuid NOT NULL,
    CONSTRAINT pme_reportingperiod_period_number_check CHECK ((period_number >= 0))
);


ALTER TABLE public.pme_reportingperiod OWNER TO itcadmin;

--
-- Name: pme_template; Type: TABLE; Schema: public; Owner: itcadmin
--

CREATE TABLE public.pme_template (
    id uuid NOT NULL,
    name character varying(255) NOT NULL,
    short_code character varying(50),
    description text,
    created_at timestamp with time zone NOT NULL,
    updated_at timestamp with time zone NOT NULL
);


ALTER TABLE public.pme_template OWNER TO itcadmin;

--
-- Name: pme_templatenodetype; Type: TABLE; Schema: public; Owner: itcadmin
--

CREATE TABLE public.pme_templatenodetype (
    id uuid NOT NULL,
    name character varying(255) NOT NULL,
    short_code character varying(50),
    description text,
    "order" integer NOT NULL,
    is_parent boolean NOT NULL,
    template_id uuid NOT NULL,
    CONSTRAINT pme_templatenodetype_order_check CHECK (("order" >= 0))
);


ALTER TABLE public.pme_templatenodetype OWNER TO itcadmin;

--
-- Name: token_blacklist_blacklistedtoken; Type: TABLE; Schema: public; Owner: itcadmin
--

CREATE TABLE public.token_blacklist_blacklistedtoken (
    id bigint NOT NULL,
    blacklisted_at timestamp with time zone NOT NULL,
    token_id bigint NOT NULL
);


ALTER TABLE public.token_blacklist_blacklistedtoken OWNER TO itcadmin;

--
-- Name: token_blacklist_blacklistedtoken_id_seq; Type: SEQUENCE; Schema: public; Owner: itcadmin
--

ALTER TABLE public.token_blacklist_blacklistedtoken ALTER COLUMN id ADD GENERATED BY DEFAULT AS IDENTITY (
    SEQUENCE NAME public.token_blacklist_blacklistedtoken_id_seq
    START WITH 1
    INCREMENT BY 1
    NO MINVALUE
    NO MAXVALUE
    CACHE 1
);


--
-- Name: token_blacklist_outstandingtoken; Type: TABLE; Schema: public; Owner: itcadmin
--

CREATE TABLE public.token_blacklist_outstandingtoken (
    id bigint NOT NULL,
    token text NOT NULL,
    created_at timestamp with time zone,
    expires_at timestamp with time zone NOT NULL,
    user_id uuid,
    jti character varying(255) NOT NULL
);


ALTER TABLE public.token_blacklist_outstandingtoken OWNER TO itcadmin;

--
-- Name: token_blacklist_outstandingtoken_id_seq; Type: SEQUENCE; Schema: public; Owner: itcadmin
--

ALTER TABLE public.token_blacklist_outstandingtoken ALTER COLUMN id ADD GENERATED BY DEFAULT AS IDENTITY (
    SEQUENCE NAME public.token_blacklist_outstandingtoken_id_seq
    START WITH 1
    INCREMENT BY 1
    NO MINVALUE
    NO MAXVALUE
    CACHE 1
);


--
-- Data for Name: auth_group; Type: TABLE DATA; Schema: public; Owner: itcadmin
--

COPY public.auth_group (id, name) FROM stdin;
\.


--
-- Data for Name: auth_group_permissions; Type: TABLE DATA; Schema: public; Owner: itcadmin
--

COPY public.auth_group_permissions (id, group_id, permission_id) FROM stdin;
\.


--
-- Data for Name: auth_permission; Type: TABLE DATA; Schema: public; Owner: itcadmin
--

COPY public.auth_permission (id, name, content_type_id, codename) FROM stdin;
1	Can add log entry	1	add_logentry
2	Can change log entry	1	change_logentry
3	Can delete log entry	1	delete_logentry
4	Can view log entry	1	view_logentry
5	Can add permission	2	add_permission
6	Can change permission	2	change_permission
7	Can delete permission	2	delete_permission
8	Can view permission	2	view_permission
9	Can add group	3	add_group
10	Can change group	3	change_group
11	Can delete group	3	delete_group
12	Can view group	3	view_group
13	Can add content type	4	add_contenttype
14	Can change content type	4	change_contenttype
15	Can delete content type	4	delete_contenttype
16	Can view content type	4	view_contenttype
17	Can add session	5	add_session
18	Can change session	5	change_session
19	Can delete session	5	delete_session
20	Can view session	5	view_session
21	Can add Blacklisted Token	6	add_blacklistedtoken
22	Can change Blacklisted Token	6	change_blacklistedtoken
23	Can delete Blacklisted Token	6	delete_blacklistedtoken
24	Can view Blacklisted Token	6	view_blacklistedtoken
25	Can add Outstanding Token	7	add_outstandingtoken
26	Can change Outstanding Token	7	change_outstandingtoken
27	Can delete Outstanding Token	7	delete_outstandingtoken
28	Can view Outstanding Token	7	view_outstandingtoken
29	Can add unit of measure	8	add_unitofmeasure
30	Can change unit of measure	8	change_unitofmeasure
31	Can delete unit of measure	8	delete_unitofmeasure
32	Can view unit of measure	8	view_unitofmeasure
33	Can add profile	9	add_profile
34	Can change profile	9	change_profile
35	Can delete profile	9	delete_profile
36	Can view profile	9	view_profile
37	Can add unit	10	add_unit
38	Can change unit	10	change_unit
39	Can delete unit	10	delete_unit
40	Can view unit	10	view_unit
41	Can add user unit	11	add_userunit
42	Can change user unit	11	change_userunit
43	Can delete user unit	11	delete_userunit
44	Can view user unit	11	view_userunit
45	Can add document	12	add_document
46	Can change document	12	change_document
47	Can delete document	12	delete_document
48	Can view document	12	view_document
49	Can add reporting frequency	13	add_reportingfrequency
50	Can change reporting frequency	13	change_reportingfrequency
51	Can delete reporting frequency	13	delete_reportingfrequency
52	Can view reporting frequency	13	view_reportingfrequency
53	Can add template	14	add_template
54	Can change template	14	change_template
55	Can delete template	14	delete_template
56	Can view template	14	view_template
57	Can add item	15	add_item
58	Can change item	15	change_item
59	Can delete item	15	delete_item
60	Can view item	15	view_item
61	Can add initiative	16	add_initiative
62	Can change initiative	16	change_initiative
63	Can delete initiative	16	delete_initiative
64	Can view initiative	16	view_initiative
65	Can add item contributor	17	add_itemcontributor
66	Can change item contributor	17	change_itemcontributor
67	Can delete item contributor	17	delete_itemcontributor
68	Can view item contributor	17	view_itemcontributor
69	Can add reporting period	18	add_reportingperiod
70	Can change reporting period	18	change_reportingperiod
71	Can delete reporting period	18	delete_reportingperiod
72	Can view reporting period	18	view_reportingperiod
73	Can add initiative accomplishment	19	add_initiativeaccomplishment
74	Can change initiative accomplishment	19	change_initiativeaccomplishment
75	Can delete initiative accomplishment	19	delete_initiativeaccomplishment
76	Can view initiative accomplishment	19	view_initiativeaccomplishment
77	Can add template node type	20	add_templatenodetype
78	Can change template node type	20	change_templatenodetype
79	Can delete template node type	20	delete_templatenodetype
80	Can view template node type	20	view_templatenodetype
81	Can add user	21	add_user
82	Can change user	21	change_user
83	Can delete user	21	delete_user
84	Can view user	21	view_user
\.


--
-- Data for Name: authentication_user; Type: TABLE DATA; Schema: public; Owner: itcadmin
--

COPY public.authentication_user (password, last_login, is_superuser, id, email, is_active, is_staff, created_at, updated_at) FROM stdin;
pbkdf2_sha256$1000000$qUrC65jXc82jN0qc3VhrCt$b1AZirXvsV3GyXS2Sj3hJUFnfvUnUgBSZgzBNJavmgQ=	\N	f	13c8b1af-b519-4926-b075-84865748a38d	css.upcebu@up.edu.ph	t	t	2026-04-13 06:41:45.956701+00	2026-04-13 06:42:05.959558+00
pbkdf2_sha256$1000000$uKDabVA4XACvUEj2rE70M3$5nAZKi3kd9Z3U+9AL2tV7Q5e4agMKPKeP1SYxt5gAjY=	2026-06-15 06:31:16.428455+00	t	e59f0ce8-c5b1-461c-a84c-6e219e0d5e63	gbespanol@up.edu.ph	t	t	2026-04-13 05:24:46.280623+00	2026-04-13 05:24:46.280648+00
\.


--
-- Data for Name: authentication_user_groups; Type: TABLE DATA; Schema: public; Owner: itcadmin
--

COPY public.authentication_user_groups (id, user_id, group_id) FROM stdin;
\.


--
-- Data for Name: authentication_user_user_permissions; Type: TABLE DATA; Schema: public; Owner: itcadmin
--

COPY public.authentication_user_user_permissions (id, user_id, permission_id) FROM stdin;
\.


--
-- Data for Name: core_profile; Type: TABLE DATA; Schema: public; Owner: itcadmin
--

COPY public.core_profile (id, first_name, middle_name, last_name, suffix, user_id) FROM stdin;
e91b4c76-b570-4f89-9e32-1188f28291d3	CSS	\N	Staff	\N	13c8b1af-b519-4926-b075-84865748a38d
f2902fd0-dc40-4418-84f7-4190e7b80437		\N		\N	e59f0ce8-c5b1-461c-a84c-6e219e0d5e63
\.


--
-- Data for Name: core_unit; Type: TABLE DATA; Schema: public; Owner: itcadmin
--

COPY public.core_unit (id, name, short_code, description, parent_id) FROM stdin;
0342259f-04f6-4d27-8927-c2c244071b77	Office of the Chancellor	OC	Office of the Chancellor	\N
77487610-5f0b-4466-9dad-3ac66299a157	Office of the Vice Chancellor for Academic Affairs	OVCAA	Office of the Vice Chancellor for Academic Affairs	0342259f-04f6-4d27-8927-c2c244071b77
65f6e67e-781b-4e15-97e1-c4768ea06dd1	Office of the Vice Chancellor for Administration	OVCA	Office of the Vice Chancellor for Administration	0342259f-04f6-4d27-8927-c2c244071b77
3d2b1e11-f7dd-4f13-af3a-3ced929c4e21	School of Management	SOM	School of Management	0342259f-04f6-4d27-8927-c2c244071b77
c565908b-9de9-4111-9b43-29de0ade3210	College of Social Sciences	CSS		77487610-5f0b-4466-9dad-3ac66299a157
e3ce4def-ae26-4fc5-aebe-05af42218436	College of Science	CS	College of Science	0342259f-04f6-4d27-8927-c2c244071b77
\.


--
-- Data for Name: core_unitofmeasure; Type: TABLE DATA; Schema: public; Owner: itcadmin
--

COPY public.core_unitofmeasure (id, name, short_code, description) FROM stdin;
5c2219d4-438d-4527-81aa-55e478007553	Percentage	Percentage	Percentage
cb8cb8fa-d59d-4727-8537-bef0a229e692	Unit	Unit	Unit
\.


--
-- Data for Name: core_userunit; Type: TABLE DATA; Schema: public; Owner: itcadmin
--

COPY public.core_userunit (id, is_primary, is_active, created_at, unit_id, user_id) FROM stdin;
ee89f0dd-20f1-494e-a05a-656cc2597133	t	t	2026-04-13 06:42:49.529217+00	c565908b-9de9-4111-9b43-29de0ade3210	13c8b1af-b519-4926-b075-84865748a38d
01065e4f-fc59-4380-9d44-b2e5858628c0	f	t	2026-04-13 16:48:12.13891+00	77487610-5f0b-4466-9dad-3ac66299a157	e59f0ce8-c5b1-461c-a84c-6e219e0d5e63
008d2d82-5422-4cf4-b8eb-69480edb658d	t	t	2026-04-13 15:05:25.852082+00	0342259f-04f6-4d27-8927-c2c244071b77	e59f0ce8-c5b1-461c-a84c-6e219e0d5e63
\.


--
-- Data for Name: django_admin_log; Type: TABLE DATA; Schema: public; Owner: itcadmin
--

COPY public.django_admin_log (id, action_time, object_id, object_repr, action_flag, change_message, content_type_id, user_id) FROM stdin;
1	2026-04-13 05:30:20.091196+00	0342259f-04f6-4d27-8927-c2c244071b77	Office of the Chancellor	1	[{"added": {}}]	10	e59f0ce8-c5b1-461c-a84c-6e219e0d5e63
2	2026-04-13 05:30:24.865074+00	77487610-5f0b-4466-9dad-3ac66299a157	Office of the Vice Chancellor for Academic Affairs	1	[{"added": {}}]	10	e59f0ce8-c5b1-461c-a84c-6e219e0d5e63
3	2026-04-13 05:31:05.808106+00	65f6e67e-781b-4e15-97e1-c4768ea06dd1	Office of the Vice Chancellor for Administration	1	[{"added": {}}]	10	e59f0ce8-c5b1-461c-a84c-6e219e0d5e63
4	2026-04-13 05:40:21.416253+00	5689db78-879c-4e13-aa1f-8b31c699a5fc	Strategic Plan	1	[{"added": {}}]	14	e59f0ce8-c5b1-461c-a84c-6e219e0d5e63
5	2026-04-13 05:41:25.449736+00	fc7cecbd-685e-43d3-af14-36b23b02cf7a	Quarterly	1	[{"added": {}}]	13	e59f0ce8-c5b1-461c-a84c-6e219e0d5e63
6	2026-04-13 05:41:30.352147+00	efb3ba83-4f28-4974-9616-e623114055e6	UP CEBU STRATEGIC PLAN 2021-2027 MID-TERM ASSESSMENT (Strategic Plan)	1	[{"added": {}}]	12	e59f0ce8-c5b1-461c-a84c-6e219e0d5e63
7	2026-04-13 05:46:50.188676+00	46e875fa-f5aa-4ceb-9323-dbbd36f0cc28	Trimestral	1	[{"added": {}}]	13	e59f0ce8-c5b1-461c-a84c-6e219e0d5e63
8	2026-04-13 05:48:52.782081+00	efb3ba83-4f28-4974-9616-e623114055e6	Strategic Plan 2021-2027 (Strategic Plan)	2	[{"changed": {"fields": ["Name"]}}]	12	e59f0ce8-c5b1-461c-a84c-6e219e0d5e63
9	2026-04-13 05:50:02.142938+00	10cceea4-7539-4995-982b-de14c9d44ec8	Strategic Plan - Strategic Result Area	1	[{"added": {}}]	20	e59f0ce8-c5b1-461c-a84c-6e219e0d5e63
10	2026-04-13 05:52:59.329423+00	5c2219d4-438d-4527-81aa-55e478007553	Percentage	1	[{"added": {}}]	8	e59f0ce8-c5b1-461c-a84c-6e219e0d5e63
11	2026-04-13 05:53:09.259212+00	cb8cb8fa-d59d-4727-8537-bef0a229e692	Unit	1	[{"added": {}}]	8	e59f0ce8-c5b1-461c-a84c-6e219e0d5e63
12	2026-04-13 05:55:01.293084+00	b8f9dd30-0bdd-4615-9cb6-4a19b0adf638	Propose and institutionalize new academic programs responsive to the needs of the region (Strategic Result Area)	1	[{"added": {}}, {"added": {"name": "item contributor", "object": "ItemContributor object (258249a5-82f5-4a74-867d-5284d5e2e04e)"}}]	15	e59f0ce8-c5b1-461c-a84c-6e219e0d5e63
13	2026-04-13 05:55:41.875089+00	2b735bbc-24e9-4bf5-9e1f-a9e49c166904	Academic Excellence (Strategic Result Area)	1	[{"added": {}}, {"added": {"name": "item contributor", "object": "ItemContributor object (df992a0e-8110-47c0-ae85-5207455ed592)"}}]	15	e59f0ce8-c5b1-461c-a84c-6e219e0d5e63
14	2026-04-13 05:56:09.501041+00	2b735bbc-24e9-4bf5-9e1f-a9e49c166904	Academic Excellence (Strategic Result Area)	2	[{"changed": {"fields": ["Parent"]}}]	15	e59f0ce8-c5b1-461c-a84c-6e219e0d5e63
15	2026-04-13 05:56:21.946508+00	b8f9dd30-0bdd-4615-9cb6-4a19b0adf638	Propose and institutionalize new academic programs responsive to the needs of the region (Strategic Result Area)	2	[{"changed": {"fields": ["Parent"]}}]	15	e59f0ce8-c5b1-461c-a84c-6e219e0d5e63
16	2026-04-13 05:58:17.236828+00	6877fa1a-2b04-4124-881c-b9f3be04cd41	Strategic Plan - Objective	1	[{"added": {}}]	20	e59f0ce8-c5b1-461c-a84c-6e219e0d5e63
17	2026-04-13 05:58:23.811443+00	b8f9dd30-0bdd-4615-9cb6-4a19b0adf638	Propose and institutionalize new academic programs responsive to the needs of the region (Objective)	2	[{"changed": {"fields": ["Template node type"]}}]	15	e59f0ce8-c5b1-461c-a84c-6e219e0d5e63
18	2026-04-13 05:59:51.233416+00	2b735bbc-24e9-4bf5-9e1f-a9e49c166904	Academic Excellence (Strategic Result Area)	2	[{"changed": {"fields": ["Start date", "End date"]}}]	15	e59f0ce8-c5b1-461c-a84c-6e219e0d5e63
19	2026-04-13 06:01:30.903736+00	6338b194-9a67-4e13-a68d-d7da970b1963	Strategic Plan - Performance Measure	1	[{"added": {}}]	20	e59f0ce8-c5b1-461c-a84c-6e219e0d5e63
20	2026-04-13 06:02:44.679311+00	c8bdf7e0-46b8-4b34-b9fc-147e65610253	By AY 2021, institutionalize a new undergraduate academic program (Performance Measure)	1	[{"added": {}}, {"added": {"name": "item contributor", "object": "ItemContributor object (d5f37066-9c55-4182-9645-3cfe0c1fbcf7)"}}]	15	e59f0ce8-c5b1-461c-a84c-6e219e0d5e63
21	2026-04-13 06:03:04.597452+00	b8f9dd30-0bdd-4615-9cb6-4a19b0adf638	Propose and institutionalize new academic programs responsive to the needs of the region (Objective)	2	[{"changed": {"fields": ["Code"]}}]	15	e59f0ce8-c5b1-461c-a84c-6e219e0d5e63
22	2026-04-13 06:07:02.735585+00	2b735bbc-24e9-4bf5-9e1f-a9e49c166904	Academic Excellence (Strategic Result Area)	2	[{"changed": {"name": "item contributor", "object": "ItemContributor object (df992a0e-8110-47c0-ae85-5207455ed592)", "fields": ["Unit"]}}]	15	e59f0ce8-c5b1-461c-a84c-6e219e0d5e63
23	2026-04-13 06:07:10.00656+00	b8f9dd30-0bdd-4615-9cb6-4a19b0adf638	Propose and institutionalize new academic programs responsive to the needs of the region (Objective)	2	[{"changed": {"name": "item contributor", "object": "ItemContributor object (258249a5-82f5-4a74-867d-5284d5e2e04e)", "fields": ["Unit"]}}]	15	e59f0ce8-c5b1-461c-a84c-6e219e0d5e63
24	2026-04-13 06:07:18.138043+00	c8bdf7e0-46b8-4b34-b9fc-147e65610253	By AY 2021, institutionalize a new undergraduate academic program (Performance Measure)	2	[{"changed": {"name": "item contributor", "object": "ItemContributor object (d5f37066-9c55-4182-9645-3cfe0c1fbcf7)", "fields": ["Unit"]}}]	15	e59f0ce8-c5b1-461c-a84c-6e219e0d5e63
25	2026-04-13 06:07:28.755707+00	c8bdf7e0-46b8-4b34-b9fc-147e65610253	By AY 2021, institutionalize a new undergraduate academic program (Performance Measure)	2	[{"changed": {"fields": ["Code"]}}]	15	e59f0ce8-c5b1-461c-a84c-6e219e0d5e63
26	2026-04-13 06:10:18.728677+00	636403f0-f3fb-4c57-ae0a-cfa9006da1d2	Strategic Plan 2021-2027 - Period 1	1	[{"added": {}}]	18	e59f0ce8-c5b1-461c-a84c-6e219e0d5e63
27	2026-04-13 06:11:14.52418+00	9568c130-307c-43c6-a8a3-4e0fdd516022	Strategic Plan 2021-2027 - Period 2	1	[{"added": {}}]	18	e59f0ce8-c5b1-461c-a84c-6e219e0d5e63
28	2026-04-13 06:18:59.426108+00	636403f0-f3fb-4c57-ae0a-cfa9006da1d2	Strategic Plan 2021-2027 - Period 1	3		18	e59f0ce8-c5b1-461c-a84c-6e219e0d5e63
29	2026-04-13 06:18:59.426154+00	9568c130-307c-43c6-a8a3-4e0fdd516022	Strategic Plan 2021-2027 - Period 2	3		18	e59f0ce8-c5b1-461c-a84c-6e219e0d5e63
30	2026-04-13 06:19:36.485281+00	9bdf0cf7-f109-4d8f-b0cb-1a3ee101826b	Strategic Plan 2021-2027 - Period 1	1	new through import_export	18	e59f0ce8-c5b1-461c-a84c-6e219e0d5e63
31	2026-04-13 06:19:36.485332+00	1aaa2c19-f499-44e8-8e63-e365763a2fca	Strategic Plan 2021-2027 - Period 2	1	new through import_export	18	e59f0ce8-c5b1-461c-a84c-6e219e0d5e63
32	2026-04-13 06:19:36.485351+00	12768f05-8861-4fa1-a264-0e3359d0b00a	Strategic Plan 2021-2027 - Period 3	1	new through import_export	18	e59f0ce8-c5b1-461c-a84c-6e219e0d5e63
33	2026-04-13 06:19:36.48537+00	a470e3d3-0a05-49a5-b30e-17ef9b263d85	Strategic Plan 2021-2027 - Period 4	1	new through import_export	18	e59f0ce8-c5b1-461c-a84c-6e219e0d5e63
34	2026-04-13 06:19:36.485384+00	293a5acd-d61e-4b6f-8200-a635bdcc9a30	Strategic Plan 2021-2027 - Period 5	1	new through import_export	18	e59f0ce8-c5b1-461c-a84c-6e219e0d5e63
35	2026-04-13 06:19:36.4854+00	038cae91-02d5-42dd-a78d-11f720e80662	Strategic Plan 2021-2027 - Period 6	1	new through import_export	18	e59f0ce8-c5b1-461c-a84c-6e219e0d5e63
36	2026-04-13 06:19:36.485414+00	2b9323ef-99ae-419f-b93c-feb998223fd0	Strategic Plan 2021-2027 - Period 7	1	new through import_export	18	e59f0ce8-c5b1-461c-a84c-6e219e0d5e63
37	2026-04-13 06:19:36.485428+00	206d74a8-c228-4024-8d0f-c345a45b4c2a	Strategic Plan 2021-2027 - Period 8	1	new through import_export	18	e59f0ce8-c5b1-461c-a84c-6e219e0d5e63
38	2026-04-13 06:19:36.485442+00	a336e292-d377-4e84-8895-a2ed6a51b03c	Strategic Plan 2021-2027 - Period 9	1	new through import_export	18	e59f0ce8-c5b1-461c-a84c-6e219e0d5e63
39	2026-04-13 06:19:36.485458+00	b99bb9c8-4616-4fec-9684-01a3d16e5716	Strategic Plan 2021-2027 - Period 10	1	new through import_export	18	e59f0ce8-c5b1-461c-a84c-6e219e0d5e63
40	2026-04-13 06:19:36.485473+00	ab06214e-14c2-4ff6-a870-3c959da6e5e2	Strategic Plan 2021-2027 - Period 11	1	new through import_export	18	e59f0ce8-c5b1-461c-a84c-6e219e0d5e63
41	2026-04-13 06:19:36.485488+00	d31ef913-96c0-4be4-b5c6-efd2ea7aceee	Strategic Plan 2021-2027 - Period 12	1	new through import_export	18	e59f0ce8-c5b1-461c-a84c-6e219e0d5e63
42	2026-04-13 06:19:36.485504+00	5df5e493-d20a-417a-b667-b4e1330af678	Strategic Plan 2021-2027 - Period 13	1	new through import_export	18	e59f0ce8-c5b1-461c-a84c-6e219e0d5e63
43	2026-04-13 06:19:36.485519+00	02b2b435-b348-441a-8b48-cfe457e191bc	Strategic Plan 2021-2027 - Period 14	1	new through import_export	18	e59f0ce8-c5b1-461c-a84c-6e219e0d5e63
44	2026-04-13 06:19:36.485534+00	67200666-e4f8-4646-9e0a-9b4b6e9bb8d2	Strategic Plan 2021-2027 - Period 15	1	new through import_export	18	e59f0ce8-c5b1-461c-a84c-6e219e0d5e63
45	2026-04-13 06:19:36.485548+00	136c8579-ede2-458d-85f1-c15a412198c7	Strategic Plan 2021-2027 - Period 16	1	new through import_export	18	e59f0ce8-c5b1-461c-a84c-6e219e0d5e63
46	2026-04-13 06:19:36.485563+00	c80890aa-eac9-4cd6-8dde-a68e19df6051	Strategic Plan 2021-2027 - Period 17	1	new through import_export	18	e59f0ce8-c5b1-461c-a84c-6e219e0d5e63
47	2026-04-13 06:19:36.485578+00	b0c9ba3b-4f5c-465f-a6d3-808eff990c14	Strategic Plan 2021-2027 - Period 18	1	new through import_export	18	e59f0ce8-c5b1-461c-a84c-6e219e0d5e63
48	2026-04-13 06:31:39.165804+00	1666205e-f022-417b-a4af-65366d00a2d9	At the end of 2022, propose at least three (3) new graduate academic programs (Performance Measure)	1	[{"added": {}}, {"added": {"name": "item contributor", "object": "ItemContributor object (63b8e7ab-8a8e-47f9-bef3-1b16abfb620d)"}}]	15	e59f0ce8-c5b1-461c-a84c-6e219e0d5e63
49	2026-04-13 06:33:24.679831+00	0c41cf90-5ec0-472f-a0ce-025b0d22d6fc	Performance Based Bonus	1	[{"added": {}}]	14	e59f0ce8-c5b1-461c-a84c-6e219e0d5e63
50	2026-04-13 06:33:49.066081+00	1f3ff384-32fd-45ff-ac21-7803360e5901	Performance Based Bonus - Program	1	[{"added": {}}]	20	e59f0ce8-c5b1-461c-a84c-6e219e0d5e63
51	2026-04-13 06:34:07.467897+00	10cceea4-7539-4995-982b-de14c9d44ec8	Strategic Plan - Strategic Result Area	2	[{"changed": {"fields": ["Order"]}}]	20	e59f0ce8-c5b1-461c-a84c-6e219e0d5e63
52	2026-04-13 06:35:01.178827+00	28c9d00c-28d0-4999-bef0-4aab1a73d187	Performance Based Bonus - Performance Indicator	1	[{"added": {}}]	20	e59f0ce8-c5b1-461c-a84c-6e219e0d5e63
53	2026-04-13 06:35:29.162695+00	4245129f-3aee-40c7-abe7-dce6d185dd6b	Performance Based Bonus - Performance Indicator Description	1	[{"added": {}}]	20	e59f0ce8-c5b1-461c-a84c-6e219e0d5e63
54	2026-04-13 06:39:42.49924+00	1666205e-f022-417b-a4af-65366d00a2d9	At the end of 2022, propose at least three (3) new graduate academic programs (Performance Measure)	2	[{"changed": {"fields": ["Target"]}}]	15	e59f0ce8-c5b1-461c-a84c-6e219e0d5e63
55	2026-04-13 06:40:27.521564+00	c565908b-9de9-4111-9b43-29de0ade3210	College of Social Science	1	[{"added": {}}]	10	e59f0ce8-c5b1-461c-a84c-6e219e0d5e63
56	2026-04-13 06:40:30.574561+00	c565908b-9de9-4111-9b43-29de0ade3210	College of Social Science	2	[]	10	e59f0ce8-c5b1-461c-a84c-6e219e0d5e63
57	2026-04-13 06:41:45.960874+00	13c8b1af-b519-4926-b075-84865748a38d	css.upcebu@up.edu.ph	1	[{"added": {}}]	21	e59f0ce8-c5b1-461c-a84c-6e219e0d5e63
58	2026-04-13 06:42:05.970139+00	13c8b1af-b519-4926-b075-84865748a38d	css.upcebu@up.edu.ph	2	[{"changed": {"name": "profile", "object": "Staff, CSS", "fields": ["First name", "Last name"]}}]	21	e59f0ce8-c5b1-461c-a84c-6e219e0d5e63
59	2026-04-13 06:42:49.532009+00	ee89f0dd-20f1-494e-a05a-656cc2597133	UserUnit object (ee89f0dd-20f1-494e-a05a-656cc2597133)	1	[{"added": {}}]	11	e59f0ce8-c5b1-461c-a84c-6e219e0d5e63
60	2026-04-13 06:43:53.750681+00	2b735bbc-24e9-4bf5-9e1f-a9e49c166904	Academic Excellence (Strategic Result Area)	2	[{"added": {"name": "item contributor", "object": "ItemContributor object (a46edb4f-28c5-4dd0-aab0-81974ecc2ead)"}}]	15	e59f0ce8-c5b1-461c-a84c-6e219e0d5e63
61	2026-04-13 06:44:03.357093+00	b8f9dd30-0bdd-4615-9cb6-4a19b0adf638	Propose and institutionalize new academic programs responsive to the needs of the region (Objective)	2	[{"added": {"name": "item contributor", "object": "ItemContributor object (a59b9d6c-1197-4505-a5e6-888cb01aece5)"}}]	15	e59f0ce8-c5b1-461c-a84c-6e219e0d5e63
62	2026-04-13 06:44:13.711041+00	c8bdf7e0-46b8-4b34-b9fc-147e65610253	By AY 2021, institutionalize a new undergraduate academic program (Performance Measure)	2	[{"added": {"name": "item contributor", "object": "ItemContributor object (28ca1c2a-be36-4dcd-95cf-3cc58ac419a6)"}}]	15	e59f0ce8-c5b1-461c-a84c-6e219e0d5e63
63	2026-04-13 06:44:23.71523+00	1666205e-f022-417b-a4af-65366d00a2d9	At the end of 2022, propose at least three (3) new graduate academic programs (Performance Measure)	2	[{"added": {"name": "item contributor", "object": "ItemContributor object (17c4f381-3613-4a1c-bff5-9a1ed83b3693)"}}]	15	e59f0ce8-c5b1-461c-a84c-6e219e0d5e63
64	2026-04-13 06:50:28.299009+00	c8bdf7e0-46b8-4b34-b9fc-147e65610253	By AY 2021, institutionalize a new undergraduate academic program (Performance Measure)	2	[]	15	e59f0ce8-c5b1-461c-a84c-6e219e0d5e63
65	2026-04-13 06:53:55.157649+00	59286442-2238-4319-8808-fd3fcf1bb65d	Upgrade existing curricular programs and course offerings to be strong, innovative, relevant and globally competitive (Objective)	1	[{"added": {}}, {"added": {"name": "item contributor", "object": "ItemContributor object (adf4eb4a-6a55-4356-8712-ae71cff54594)"}}]	15	e59f0ce8-c5b1-461c-a84c-6e219e0d5e63
66	2026-04-13 06:54:59.812579+00	59286442-2238-4319-8808-fd3fcf1bb65d	Upgrade existing curricular programs and course offerings to be strong, innovative, relevant and globally competitive (Objective)	2	[{"added": {"name": "item contributor", "object": "ItemContributor object (40cf43e9-e84a-4c11-9e00-3c704d3adf36)"}}]	15	e59f0ce8-c5b1-461c-a84c-6e219e0d5e63
67	2026-04-13 06:57:16.293764+00	2b735bbc-24e9-4bf5-9e1f-a9e49c166904	Academic Excellence (Strategic Result Area)	2	[{"changed": {"fields": ["Target"]}}]	15	e59f0ce8-c5b1-461c-a84c-6e219e0d5e63
68	2026-04-13 06:57:30.132063+00	b8f9dd30-0bdd-4615-9cb6-4a19b0adf638	Propose and institutionalize new academic programs responsive to the needs of the region (Objective)	2	[{"changed": {"fields": ["Target"]}}]	15	e59f0ce8-c5b1-461c-a84c-6e219e0d5e63
69	2026-04-13 07:19:36.432235+00	59286442-2238-4319-8808-fd3fcf1bb65d	Upgrade existing curricular programs and course offerings to be strong, innovative, relevant and globally competitive (Objective)	2	[{"changed": {"fields": ["Target"]}}]	15	e59f0ce8-c5b1-461c-a84c-6e219e0d5e63
70	2026-04-13 14:04:53.40568+00	a2bfa944-615a-4bea-846b-7643cfcfb5a6	By AY 2024, all proposed programs would have been approved (Performance Measure)	1	[{"added": {}}, {"added": {"name": "item contributor", "object": "ItemContributor object (a1ca07ef-9530-49bc-980c-b032bfa001b5)"}}]	15	e59f0ce8-c5b1-461c-a84c-6e219e0d5e63
71	2026-04-13 14:33:15.541414+00	6155a805-c3e0-49b8-a96f-224a57016455	By 2022, perform internal review of all existing academic programs based on AUN-criteria (SAR) (Performance Measure)	1	[{"added": {}}, {"added": {"name": "item contributor", "object": "ItemContributor object (772a6aa2-e0bc-4c5f-9d3c-1ee1f50a0809)"}}]	15	e59f0ce8-c5b1-461c-a84c-6e219e0d5e63
72	2026-04-13 14:38:55.379989+00	670995ad-0b05-46ba-9e14-9000d82bf6c9	Revise at least one existing graduate academic program per year from 2023 to 2026 (Performance Measure)	1	[{"added": {}}, {"added": {"name": "item contributor", "object": "ItemContributor object (3ca42fa5-daf2-40e7-af36-5611695e4f4d)"}}]	15	e59f0ce8-c5b1-461c-a84c-6e219e0d5e63
73	2026-04-13 14:40:56.740826+00	2b735bbc-24e9-4bf5-9e1f-a9e49c166904	ACADEMIC EXCELLENCE (Strategic Result Area)	2	[{"changed": {"fields": ["Code", "Name"]}}]	15	e59f0ce8-c5b1-461c-a84c-6e219e0d5e63
74	2026-04-13 14:41:40.137422+00	2b735bbc-24e9-4bf5-9e1f-a9e49c166904	ACADEMIC EXCELLENCE (Strategic Result Area)	2	[{"changed": {"fields": ["Code"]}}]	15	e59f0ce8-c5b1-461c-a84c-6e219e0d5e63
75	2026-04-13 15:02:43.064898+00	29da1284-bd6d-448f-adc5-01c32d2d42ac	Revise at least one existing undergraduate academic program per year from 2023 to 2027 (Performance Measure)	1	[{"added": {}}, {"added": {"name": "item contributor", "object": "ItemContributor object (1630f40b-067d-486a-ac35-e5285ff0c731)"}}]	15	e59f0ce8-c5b1-461c-a84c-6e219e0d5e63
124	2026-04-13 16:20:49.819147+00	3be9f7eb-0291-4095-9d0f-5536d5be46a4	Outcome Indicator 1 (Performance Indicator)	2	[{"changed": {"fields": ["Code"]}}]	15	e59f0ce8-c5b1-461c-a84c-6e219e0d5e63
76	2026-04-13 15:03:57.249507+00	fe51f61c-e8ca-43b0-95dc-f387aaced1a1	By end 2021, at least 70% of course syllabi are compliant with outcomes-based education (OBE) with blended learning approach (Performance Measure)	1	[{"added": {}}, {"added": {"name": "item contributor", "object": "ItemContributor object (8b462d8c-de40-42dd-90e8-db0d03ea6ff4)"}}]	15	e59f0ce8-c5b1-461c-a84c-6e219e0d5e63
77	2026-04-13 15:05:25.852785+00	008d2d82-5422-4cf4-b8eb-69480edb658d	UserUnit object (008d2d82-5422-4cf4-b8eb-69480edb658d)	1	[{"added": {}}]	11	e59f0ce8-c5b1-461c-a84c-6e219e0d5e63
78	2026-04-13 15:08:16.736995+00	0b58a532-af56-4c8e-b8c3-4fa7158f3f00	By end 2022, all course syllabi are OBE-compliant with blended learning pedagogy (Performance Measure)	1	[{"added": {}}, {"added": {"name": "item contributor", "object": "ItemContributor object (294e647d-4c68-4f37-b574-599c3d3528b6)"}}]	15	e59f0ce8-c5b1-461c-a84c-6e219e0d5e63
79	2026-04-13 15:11:13.070113+00	b4daa4b2-57d0-4df6-b05e-a058cd40dc42	Produce innovative, nationalist, ethical, gender-sensitive, and socially responsible graduates who demonstrate academic excellence (Performance Measure)	1	[{"added": {}}, {"added": {"name": "item contributor", "object": "ItemContributor object (c61b9b31-c2e9-48e1-bbbe-21a6f606374f)"}}]	15	e59f0ce8-c5b1-461c-a84c-6e219e0d5e63
80	2026-04-13 15:13:45.278464+00	5e5fba17-003b-4c74-bf5d-5b31fa44fc30	1.3.1 At the end of every calendar year, at least 70% of the UP Cebu graduates of that year are earning income, whether employed or as entrepreneurs, within six (6) months after their graduation (Perf	1	[{"added": {}}, {"added": {"name": "item contributor", "object": "ItemContributor object (7f599bc7-05d7-43c5-89cd-71a8cf73a33e)"}}]	15	e59f0ce8-c5b1-461c-a84c-6e219e0d5e63
81	2026-04-13 15:14:11.778232+00	5e5fba17-003b-4c74-bf5d-5b31fa44fc30	At the end of every calendar year, at least 70% of the UP Cebu graduates of that year are earning income, whether employed or as entrepreneurs, within six (6) months after their graduation (Performanc	2	[{"changed": {"fields": ["Name", "Description", "Target"]}}]	15	e59f0ce8-c5b1-461c-a84c-6e219e0d5e63
82	2026-04-13 15:15:14.558671+00	01dff61a-ae22-4ace-8b8e-b4bf32ccb9b8	At least 10% of the UP Cebu graduates of 2022 to 2027 are assisting local, regional, or national government and non-government organizations across sectors in one form or another (Performance Measure)	1	[{"added": {}}, {"added": {"name": "item contributor", "object": "ItemContributor object (4f003b77-48e1-4314-bdee-780f9d648bc3)"}}]	15	e59f0ce8-c5b1-461c-a84c-6e219e0d5e63
83	2026-04-13 15:16:39.496368+00	e822b3fd-1900-4bfc-bac2-99bcaf7aded0	At least 80% of employers are satisfied as verified through the conduct stakeholder satisfaction surveys (Performance Measure)	1	[{"added": {}}, {"added": {"name": "item contributor", "object": "ItemContributor object (f41f4b9a-2276-4dd6-a20c-3d86aafea4c0)"}}]	15	e59f0ce8-c5b1-461c-a84c-6e219e0d5e63
84	2026-04-13 15:17:45.003082+00	9b098feb-1295-4b7f-b1f0-b678b649cedd	By 2027, at least 10% of the UP Cebu graduates are self-employed or providing employment (Performance Measure)	1	[{"added": {}}, {"added": {"name": "item contributor", "object": "ItemContributor object (8bb59015-fcaf-4a31-aab1-8cad4648d46c)"}}]	15	e59f0ce8-c5b1-461c-a84c-6e219e0d5e63
85	2026-04-13 15:19:11.416382+00	6d18383c-8fb6-4287-95e6-8b466c288673	Every year, the passing rate among UP Cebu graduates who undergo licensure exams is at least 90% (Performance Measure)	1	[{"added": {}}, {"added": {"name": "item contributor", "object": "ItemContributor object (92cb9511-373c-4816-8c50-074a370f654e)"}}]	15	e59f0ce8-c5b1-461c-a84c-6e219e0d5e63
86	2026-04-13 15:21:46.176092+00	c965f7b4-d3f2-4de2-862a-ac97ba8d3e1e	Increase the PhD profile among faculty to enhance academic staff qualification (Objective)	1	[{"added": {}}, {"added": {"name": "item contributor", "object": "ItemContributor object (dd438956-2397-422e-b4a3-40a5af9acdba)"}}]	15	e59f0ce8-c5b1-461c-a84c-6e219e0d5e63
87	2026-04-13 15:21:59.398528+00	b4daa4b2-57d0-4df6-b05e-a058cd40dc42	Produce innovative, nationalist, ethical, gender-sensitive, and socially responsible graduates who demonstrate academic excellence (Objective)	2	[{"changed": {"fields": ["Template node type"]}}]	15	e59f0ce8-c5b1-461c-a84c-6e219e0d5e63
88	2026-04-13 15:23:16.403721+00	b497dc2d-4dc7-4151-acc1-1c6b355272c5	By 2021, 35% of UP Cebu faculty will have doctorate degrees (Performance Measure)	1	[{"added": {}}, {"added": {"name": "item contributor", "object": "ItemContributor object (93ff9117-992f-4a24-b8e0-b31046d4fecd)"}}]	15	e59f0ce8-c5b1-461c-a84c-6e219e0d5e63
89	2026-04-13 15:24:18.436988+00	11373417-8141-4ac2-a55f-3bd4c85d9522	By 2024, 40% of UP Cebu faculty will have doctorate degrees (Performance Measure)	1	[{"added": {}}, {"added": {"name": "item contributor", "object": "ItemContributor object (9afd4e60-b56a-4084-bd57-76a3f1692abe)"}}]	15	e59f0ce8-c5b1-461c-a84c-6e219e0d5e63
90	2026-04-13 15:25:15.52904+00	8a77da60-56c2-4e5d-aef4-bb37074c2681	By 2027, 45% of UP Cebu faculty will have doctorate degrees (Performance Measure)	1	[{"added": {}}, {"added": {"name": "item contributor", "object": "ItemContributor object (654b08e5-7e8e-472c-bbbb-d8c02206365f)"}}]	15	e59f0ce8-c5b1-461c-a84c-6e219e0d5e63
91	2026-04-13 15:25:35.404361+00	8a77da60-56c2-4e5d-aef4-bb37074c2681	By 2027, 45% of UP Cebu faculty will have doctorate degrees (Performance Measure)	2	[{"changed": {"fields": ["Target"]}}]	15	e59f0ce8-c5b1-461c-a84c-6e219e0d5e63
92	2026-04-13 15:26:12.13544+00	fc7ef535-84f5-45d4-8f33-b65843c11b29	Enhance teaching performance (Objective)	1	[{"added": {}}, {"added": {"name": "item contributor", "object": "ItemContributor object (9422207a-6840-4030-8253-6eb18357721f)"}}]	15	e59f0ce8-c5b1-461c-a84c-6e219e0d5e63
93	2026-04-13 15:27:04.041261+00	d56d32ea-8d50-4f0a-96da-dcd995a5e619	At the end of AY 2021-2022, 2022-2023, 70% of UP Cebu faculty will be rated by students as very good to excellent (Performance Measure)	1	[{"added": {}}, {"added": {"name": "item contributor", "object": "ItemContributor object (1b01c7e2-ca45-468f-a618-8328068d34cb)"}}]	15	e59f0ce8-c5b1-461c-a84c-6e219e0d5e63
94	2026-04-13 15:29:44.397443+00	bf77d1c9-99da-4e7c-8829-e93a32975fae	PBB 2025 (Performance Based Bonus)	1	[{"added": {}}]	12	e59f0ce8-c5b1-461c-a84c-6e219e0d5e63
95	2026-04-13 15:32:31.941298+00	d0c70f49-86a1-453a-b0ac-7fef6aea7c7e	Higher Education Program (Program)	1	[{"added": {}}, {"added": {"name": "item contributor", "object": "ItemContributor object (4dcd8203-9f6d-416a-bc4d-cd985f6ee169)"}}]	15	e59f0ce8-c5b1-461c-a84c-6e219e0d5e63
96	2026-04-13 15:42:31.8522+00	63a4d2b3-8a19-458e-a05e-9636d885b9c4	At the end of AY 2023-2024, 2024-2025, 75% of UP Cebu faculty will be rated by students as very good to excellent (Performance Measure)	1	[{"added": {}}, {"added": {"name": "item contributor", "object": "ItemContributor object (830cd4a4-5b6f-4208-81eb-f74781b0a225)"}}]	15	e59f0ce8-c5b1-461c-a84c-6e219e0d5e63
97	2026-04-13 15:43:40.528886+00	6c2b8533-8bd3-4fda-a8df-4d7df2f01aad	At the end of AY 2025-2026, 2026-2027, 85% of UP Cebu faculty will be rated by students as very good to excellent (Performance Measure)	1	[{"added": {}}, {"added": {"name": "item contributor", "object": "ItemContributor object (2a74cb16-4820-44c3-b4f6-18f7576233b9)"}}]	15	e59f0ce8-c5b1-461c-a84c-6e219e0d5e63
98	2026-04-13 15:45:06.918293+00	0c6f4bae-179b-401e-9273-ee8f625c5bdf	Raise UP CebuΓÇÖs academic excellence standing (Performance Measure)	1	[{"added": {}}, {"added": {"name": "item contributor", "object": "ItemContributor object (0c53695d-e39f-4c80-b0e5-cdb663276a73)"}}]	15	e59f0ce8-c5b1-461c-a84c-6e219e0d5e63
99	2026-04-13 15:45:24.051715+00	0c6f4bae-179b-401e-9273-ee8f625c5bdf	Raise UP CebuΓÇÖs academic excellence standing (Objective)	2	[{"changed": {"fields": ["Template node type"]}}]	15	e59f0ce8-c5b1-461c-a84c-6e219e0d5e63
125	2026-04-13 16:20:59.245055+00	3be9f7eb-0291-4095-9d0f-5536d5be46a4	Outcome Indicator 1 (Performance Indicator)	2	[{"changed": {"fields": ["Code"]}}]	15	e59f0ce8-c5b1-461c-a84c-6e219e0d5e63
100	2026-04-13 15:48:07.614176+00	da0c1705-834c-46d7-85ca-ada2f3fb255a	By 2024, submit for external review of at least two (2) existing academic programs (Performance Measure)	1	[{"added": {}}, {"added": {"name": "item contributor", "object": "ItemContributor object (513ef66b-252d-44e0-a28c-856fd5590e60)"}}]	15	e59f0ce8-c5b1-461c-a84c-6e219e0d5e63
101	2026-04-13 15:50:24.271113+00	6dcf8a83-0da8-4a11-97cf-8c4ad40837a2	By 2027, at least five (5) total academic programs will be assessed externally (Performance Measure)	1	[{"added": {}}, {"added": {"name": "item contributor", "object": "ItemContributor object (f824b238-ed1a-4e6b-af53-611019bdd174)"}}]	15	e59f0ce8-c5b1-461c-a84c-6e219e0d5e63
102	2026-04-13 15:55:28.960128+00	2a44623f-fa30-4053-835c-6c47eda9d559	By 2025, UP Cebu will have two centers of excellence (COE) and one center of development (COD) (Performance Measure)	1	[{"added": {}}, {"added": {"name": "item contributor", "object": "ItemContributor object (858033dc-68f7-407f-8411-27a844407749)"}}]	15	e59f0ce8-c5b1-461c-a84c-6e219e0d5e63
103	2026-04-13 15:58:14.023151+00	28f6a326-5145-4829-a9e7-a6a81d7aa621	ACCESSIBLE QUALITY EDUCATION (Strategic Result Area)	1	[{"added": {}}, {"added": {"name": "item contributor", "object": "ItemContributor object (e556564c-d329-44c6-b4ea-4eb80c8c5a03)"}}]	15	e59f0ce8-c5b1-461c-a84c-6e219e0d5e63
104	2026-04-13 15:59:05.255323+00	a1f8c572-65dc-42bf-81e1-a3bfda5b84f1	Increase the number of UPCAT takers choosing UP Cebu and UP Cebu graduate program applicants to provide greater access to the best and brightest students regardless of economic status (Performance Mea	1	[{"added": {}}, {"added": {"name": "item contributor", "object": "ItemContributor object (be36cf02-5c8f-49b2-a80f-d96272963f8c)"}}]	15	e59f0ce8-c5b1-461c-a84c-6e219e0d5e63
105	2026-04-13 15:59:56.793905+00	14363753-f437-4f38-9078-f0a42b2530ec	For every academic year, there will be a 10% increase in the number of UPCAT takers choosing UP Cebu (Performance Measure)	1	[{"added": {}}, {"added": {"name": "item contributor", "object": "ItemContributor object (8ca4cfdf-064f-44d0-9d4d-fa0ebe2ff610)"}}]	15	e59f0ce8-c5b1-461c-a84c-6e219e0d5e63
106	2026-04-13 16:01:19.598113+00	c28dcac5-4499-4ce5-83ae-ca6c94d5b5fa	For every academic year, there will be a 5% increase in the number of UPCAT qualifiers choosing UP Cebu and will graduate from UP Cebu (Performance Measure)	1	[{"added": {}}, {"added": {"name": "item contributor", "object": "ItemContributor object (3c6e25e2-1e5d-4987-af20-eb47a28fea7a)"}}]	15	e59f0ce8-c5b1-461c-a84c-6e219e0d5e63
107	2026-04-13 16:02:31.525959+00	f16da057-c6bb-42c4-9cee-d7c7a6252383	For every academic year, there will be a 5% increase in the number of UP Cebu graduate program applicants (Performance Measure)	1	[{"added": {}}, {"added": {"name": "item contributor", "object": "ItemContributor object (7fa93ea6-0c3d-429a-87fb-394374c920bf)"}}]	15	e59f0ce8-c5b1-461c-a84c-6e219e0d5e63
108	2026-04-13 16:03:28.661971+00	31618f5c-ba1a-45bf-87dd-43b4a7aa6119	Expand need-based scholarships for more students and increase financial, food, housing and other assistance to promote students welfare (Objective)	1	[{"added": {}}, {"added": {"name": "item contributor", "object": "ItemContributor object (9d0ff0d2-ed59-462f-a7cc-d8b0b3080381)"}}]	15	e59f0ce8-c5b1-461c-a84c-6e219e0d5e63
109	2026-04-13 16:04:56.550041+00	66fb04c1-d903-4324-b284-52c90b465c90	By 2021, 30% of UP Cebu students will have scholarships or grant assistance (Performance Measure)	1	[{"added": {}}, {"added": {"name": "item contributor", "object": "ItemContributor object (ad059739-c83a-4dfe-9dfe-f9b5a4725d06)"}}]	15	e59f0ce8-c5b1-461c-a84c-6e219e0d5e63
110	2026-04-13 16:05:41.961143+00	f5285bea-2f61-47e2-8108-7ac7ce5ea379	From 2024 to 2027, 100% of those needing assistance will be provided support (e.g., financial, food, and housing) (Performance Measure)	1	[{"added": {}}, {"added": {"name": "item contributor", "object": "ItemContributor object (dd273369-ae3c-4f1f-aaf3-7d8e80e68589)"}}]	15	e59f0ce8-c5b1-461c-a84c-6e219e0d5e63
111	2026-04-13 16:06:42.239756+00	aa8f1efa-01fa-4134-83e3-02e0a276c357	Institutionalize online applications (Objective)	1	[{"added": {}}, {"added": {"name": "item contributor", "object": "ItemContributor object (f9c61d12-835c-48a7-9f4a-2e8cac40b565)"}}]	15	e59f0ce8-c5b1-461c-a84c-6e219e0d5e63
112	2026-04-13 16:07:51.98044+00	33ade07b-41b1-499b-add8-9a008d0e47a1	By 2021, UP Cebu will have an online application for its graduate programs (Performance Measure)	1	[{"added": {}}, {"added": {"name": "item contributor", "object": "ItemContributor object (643f7e97-92e0-4de3-bebf-ac4eee3b9d23)"}}]	15	e59f0ce8-c5b1-461c-a84c-6e219e0d5e63
113	2026-04-13 16:09:27.541572+00	d4148202-5388-4c6d-be7b-62a2195d5da7	PIONEERING RESEARCH AND CREATIVE TECHNOLOGIES (Strategic Result Area)	1	[{"added": {}}, {"added": {"name": "item contributor", "object": "ItemContributor object (2dd67bfa-53f1-47bb-8839-fee98859285d)"}}]	15	e59f0ce8-c5b1-461c-a84c-6e219e0d5e63
114	2026-04-13 16:10:37.178953+00	a94e7b05-8cd8-42b0-bb2c-935db53cae7c	Increase research output (Objective)	1	[{"added": {}}, {"added": {"name": "item contributor", "object": "ItemContributor object (dec35677-6c55-4bf3-b8f6-822cb78ad5fb)"}}]	15	e59f0ce8-c5b1-461c-a84c-6e219e0d5e63
115	2026-04-13 16:12:06.601575+00	f9dab602-cafb-4669-91f8-7c75ef8e8462	From 2021 to 2024, UP Cebu will start 60 research projects (Performance Measure)	1	[{"added": {}}, {"added": {"name": "item contributor", "object": "ItemContributor object (e5615329-95e5-46ea-baa1-05bbb9d14394)"}}]	15	e59f0ce8-c5b1-461c-a84c-6e219e0d5e63
116	2026-04-13 16:13:32.33761+00	dae3e473-2eb8-4cc8-904e-466934a10f0e	From 2025 to 2027, UP Cebu will start 80 research projects (Performance Measure)	1	[{"added": {}}, {"added": {"name": "item contributor", "object": "ItemContributor object (0380eb77-a424-42c5-9ed6-e6a9c211a3de)"}}]	15	e59f0ce8-c5b1-461c-a84c-6e219e0d5e63
117	2026-04-13 16:14:19.985404+00	471e8f31-3484-48b8-94c5-91b1b41b4f65	Every year from 2021 to 2024, UP Cebu will complete 15 research outputs (Performance Measure)	1	[{"added": {}}, {"added": {"name": "item contributor", "object": "ItemContributor object (2640959a-905d-4bc4-b94b-edf94166b985)"}}]	15	e59f0ce8-c5b1-461c-a84c-6e219e0d5e63
118	2026-04-13 16:15:20.366614+00	69bacc37-7443-48cd-8bcc-82012f0428d9	Every year from 2025 to 2027, UP Cebu will complete 25 research outputs (Performance Measure)	1	[{"added": {}}, {"added": {"name": "item contributor", "object": "ItemContributor object (c6c5c56e-f031-4a8d-914b-dbaaad513000)"}}]	15	e59f0ce8-c5b1-461c-a84c-6e219e0d5e63
119	2026-04-13 16:17:26.958331+00	3be9f7eb-0291-4095-9d0f-5536d5be46a4	Outcome Indicator 1 (Performance Indicator)	1	[{"added": {}}, {"added": {"name": "item contributor", "object": "ItemContributor object (46819be1-cae0-46f3-b1ca-355d60562747)"}}]	15	e59f0ce8-c5b1-461c-a84c-6e219e0d5e63
120	2026-04-13 16:18:20.675531+00	03965c08-ca96-499c-b781-445135eaa7da	Percentage of first-time licensure exam takers who passed the licensure exams (Performance Indicator Description)	1	[{"added": {}}]	15	e59f0ce8-c5b1-461c-a84c-6e219e0d5e63
121	2026-04-13 16:19:14.564077+00	1f8edec8-465c-4438-9887-8de008957cb9	Outcome Indicator 2 (Performance Indicator)	1	[{"added": {}}, {"added": {"name": "item contributor", "object": "ItemContributor object (db1d615a-6cb4-432b-a770-888e3cd6280d)"}}]	15	e59f0ce8-c5b1-461c-a84c-6e219e0d5e63
122	2026-04-13 16:20:10.076354+00	a610453a-73bf-428e-b0bd-783f8a4c16a6	Percentage of graduates (2 years prior) who are employed (Performance Indicator Description)	1	[{"added": {}}, {"added": {"name": "item contributor", "object": "ItemContributor object (eb9e31de-4cba-495f-9806-fc47213471c0)"}}]	15	e59f0ce8-c5b1-461c-a84c-6e219e0d5e63
123	2026-04-13 16:20:20.09116+00	03965c08-ca96-499c-b781-445135eaa7da	Percentage of first-time licensure exam takers who passed the licensure exams (Performance Indicator Description)	2	[{"changed": {"fields": ["Code"]}}]	15	e59f0ce8-c5b1-461c-a84c-6e219e0d5e63
126	2026-04-13 16:21:39.596488+00	91c67de8-5cee-4b49-974e-1edcf0630284	Percentage of undergraduate student population enrolled in CHED-identified and RDC-identified priority programs (Performance Indicator)	1	[{"added": {}}, {"added": {"name": "item contributor", "object": "ItemContributor object (eaac9ad2-ab7b-487f-badd-9664cb86b12b)"}}]	15	e59f0ce8-c5b1-461c-a84c-6e219e0d5e63
127	2026-04-13 16:23:12.554846+00	91c67de8-5cee-4b49-974e-1edcf0630284	Percentage of undergraduate student population enrolled in CHED-identified and RDC-identified priority programs (Performance Indicator Description)	2	[{"changed": {"fields": ["Template node type"]}}]	15	e59f0ce8-c5b1-461c-a84c-6e219e0d5e63
128	2026-04-13 16:23:50.885503+00	33a06d9c-4a2c-44e3-9fe8-75c99917e05b	Output Indicator 1 (Performance Indicator)	1	[{"added": {}}, {"added": {"name": "item contributor", "object": "ItemContributor object (c158eeea-d29f-4ef6-a809-444ac6687265)"}}]	15	e59f0ce8-c5b1-461c-a84c-6e219e0d5e63
129	2026-04-13 16:24:23.899314+00	91c67de8-5cee-4b49-974e-1edcf0630284	Percentage of undergraduate student population enrolled in CHED-identified and RDC-identified priority programs (Performance Indicator Description)	2	[{"changed": {"fields": ["Parent", "Unit of measure", "Code", "Target"]}}]	15	e59f0ce8-c5b1-461c-a84c-6e219e0d5e63
130	2026-04-13 16:27:12.818948+00	8b39e7c7-f27a-48f0-aafd-5f72849f0190	Advanced Education Program (Program)	1	[{"added": {}}, {"added": {"name": "item contributor", "object": "ItemContributor object (aebf6d99-f054-4bd3-89bc-14e6644d2c8a)"}}]	15	e59f0ce8-c5b1-461c-a84c-6e219e0d5e63
131	2026-04-13 16:27:58.763786+00	a5ce1219-36d4-4dec-a734-9abf56ea1bca	Outcome Indicator 1 (Performance Indicator)	1	[{"added": {}}, {"added": {"name": "item contributor", "object": "ItemContributor object (11437fde-0a77-4b86-b546-1fe336db41d1)"}}]	15	e59f0ce8-c5b1-461c-a84c-6e219e0d5e63
132	2026-04-13 16:29:25.43814+00	5dbc0bc8-5f1e-4e2e-9b72-f24d03bba9e7	Percentage of graduate school faculty engaged in research work applied in any of the following: a.) pursuing advanced research degree programs (Ph.D.), or b.) actively pursuing within the last three (	1	[{"added": {}}, {"added": {"name": "item contributor", "object": "ItemContributor object (2bc3403a-329d-4a37-99e1-3fdc601c6982)"}}]	15	e59f0ce8-c5b1-461c-a84c-6e219e0d5e63
133	2026-04-13 16:30:17.719816+00	16706da4-8818-4966-a129-8a334eb2b30e	Output Indicator 1 AEP (Performance Indicator)	1	[{"added": {}}, {"added": {"name": "item contributor", "object": "ItemContributor object (99ccb16d-80f2-4170-8352-48d52388b4d0)"}}]	15	e59f0ce8-c5b1-461c-a84c-6e219e0d5e63
134	2026-04-13 16:31:09.57531+00	3344f895-a6c4-4d86-af7d-bd3ff12b349a	Percentage of graduate students enrolled in research degree programs (Performance Indicator Description)	1	[{"added": {}}, {"added": {"name": "item contributor", "object": "ItemContributor object (0371b9dc-2835-475d-9a8f-c6fadb7f45d5)"}}]	15	e59f0ce8-c5b1-461c-a84c-6e219e0d5e63
135	2026-04-13 16:31:24.226581+00	3be9f7eb-0291-4095-9d0f-5536d5be46a4	Outcome Indicator 1 HEP (Performance Indicator)	2	[{"changed": {"fields": ["Name"]}}]	15	e59f0ce8-c5b1-461c-a84c-6e219e0d5e63
136	2026-04-13 16:31:40.683645+00	1f8edec8-465c-4438-9887-8de008957cb9	Outcome Indicator 2 HEP (Performance Indicator)	2	[{"changed": {"fields": ["Name", "Description"]}}]	15	e59f0ce8-c5b1-461c-a84c-6e219e0d5e63
137	2026-04-13 16:32:10.749613+00	33a06d9c-4a2c-44e3-9fe8-75c99917e05b	Output Indicator 1 (HEP) (Performance Indicator)	2	[{"changed": {"fields": ["Name", "Description"]}}]	15	e59f0ce8-c5b1-461c-a84c-6e219e0d5e63
138	2026-04-13 16:32:26.033847+00	1f8edec8-465c-4438-9887-8de008957cb9	Outcome Indicator 2 (HEP) (Performance Indicator)	2	[{"changed": {"fields": ["Name", "Description"]}}]	15	e59f0ce8-c5b1-461c-a84c-6e219e0d5e63
139	2026-04-13 16:32:32.420655+00	3be9f7eb-0291-4095-9d0f-5536d5be46a4	Outcome Indicator 1 (HEP) (Performance Indicator)	2	[{"changed": {"fields": ["Name"]}}]	15	e59f0ce8-c5b1-461c-a84c-6e219e0d5e63
140	2026-04-13 16:33:01.386313+00	a5ce1219-36d4-4dec-a734-9abf56ea1bca	Outcome Indicator 1 (AEP) (Performance Indicator)	2	[{"changed": {"fields": ["Name", "Description", "Target"]}}]	15	e59f0ce8-c5b1-461c-a84c-6e219e0d5e63
141	2026-04-13 16:33:14.01021+00	16706da4-8818-4966-a129-8a334eb2b30e	Output Indicator 1 (AEP) (Performance Indicator)	2	[{"changed": {"fields": ["Name", "Description"]}}]	15	e59f0ce8-c5b1-461c-a84c-6e219e0d5e63
142	2026-04-13 16:46:31.974966+00	008d2d82-5422-4cf4-b8eb-69480edb658d	UserUnit object (008d2d82-5422-4cf4-b8eb-69480edb658d)	2	[{"changed": {"fields": ["Unit"]}}]	11	e59f0ce8-c5b1-461c-a84c-6e219e0d5e63
143	2026-04-13 16:48:12.139399+00	01065e4f-fc59-4380-9d44-b2e5858628c0	UserUnit object (01065e4f-fc59-4380-9d44-b2e5858628c0)	1	[{"added": {}}]	11	e59f0ce8-c5b1-461c-a84c-6e219e0d5e63
144	2026-04-13 16:48:18.933997+00	008d2d82-5422-4cf4-b8eb-69480edb658d	UserUnit object (008d2d82-5422-4cf4-b8eb-69480edb658d)	2	[{"changed": {"fields": ["Is primary"]}}]	11	e59f0ce8-c5b1-461c-a84c-6e219e0d5e63
145	2026-04-13 17:57:21.312056+00	01065e4f-fc59-4380-9d44-b2e5858628c0	UserUnit object (01065e4f-fc59-4380-9d44-b2e5858628c0)	2	[{"changed": {"fields": ["Is primary"]}}]	11	e59f0ce8-c5b1-461c-a84c-6e219e0d5e63
146	2026-04-13 17:59:05.159809+00	547bcffa-2e6c-4752-8429-35e0b53b4728	By 2024, two (2) colleges will have research and/or creative development centers (Performance Measure)	1	[{"added": {}}, {"added": {"name": "item contributor", "object": "ItemContributor object (eccbf59c-32a9-496d-962d-867d8f5bf476)"}}]	15	e59f0ce8-c5b1-461c-a84c-6e219e0d5e63
147	2026-04-13 18:02:00.381105+00	974a4c74-5f0f-4f75-bc49-d5c808d21e98	Disseminate research that is relevant to the province, country, and Asia (Objective)	1	[{"added": {}}, {"added": {"name": "item contributor", "object": "ItemContributor object (31c5a647-7cfb-496e-8b9f-04b131f2d5cb)"}}]	15	e59f0ce8-c5b1-461c-a84c-6e219e0d5e63
148	2026-04-13 18:03:21.701342+00	3d2b1e11-f7dd-4f13-af3a-3ced929c4e21	School of Management	1	[{"added": {}}]	10	e59f0ce8-c5b1-461c-a84c-6e219e0d5e63
149	2026-04-13 18:03:46.506779+00	c565908b-9de9-4111-9b43-29de0ade3210	College of Social Sciences	2	[{"changed": {"fields": ["Name"]}}]	10	e59f0ce8-c5b1-461c-a84c-6e219e0d5e63
150	2026-04-13 18:04:03.521921+00	e3ce4def-ae26-4fc5-aebe-05af42218436	College of Science	1	[{"added": {}}]	10	e59f0ce8-c5b1-461c-a84c-6e219e0d5e63
151	2026-04-13 18:04:09.437586+00	b15a709e-9912-4738-8d23-4fabafd12a3d	By 2021, each college will update its website to reflect the faculty profile, including researches and publications/creative work, with possible digital access to the work (Performance Measure)	1	[{"added": {}}, {"added": {"name": "item contributor", "object": "ItemContributor object (bbaae25e-7ab1-4399-9ce1-e6d9505a7baf)"}}, {"added": {"name": "item contributor", "object": "ItemContributor object (d40f1c46-d839-4a20-96d2-0ebe417cd408)"}}, {"added": {"name": "item contributor", "object": "ItemContributor object (83226695-39f2-42fc-b263-99607f4c097f)"}}, {"added": {"name": "item contributor", "object": "ItemContributor object (6fbf59e8-ef57-4918-9186-bc7d49eddd5a)"}}]	15	e59f0ce8-c5b1-461c-a84c-6e219e0d5e63
152	2026-04-13 18:05:34.585161+00	552b8905-2b1e-4704-b458-afdfa13e8479	By 2021, UP Cebu will host an international conference that addresses the university research agenda (Performance Measure)	1	[{"added": {}}, {"added": {"name": "item contributor", "object": "ItemContributor object (df515c7a-94b5-4f05-b6ee-7cfee86acdd7)"}}]	15	e59f0ce8-c5b1-461c-a84c-6e219e0d5e63
153	2026-04-13 18:06:24.983542+00	b3923d25-01d4-40c1-a686-ed748059886e	By 2024, UP Cebu will host two (2) international conferences. The theme will be determined after the identification of needs of stakeholders (Performance Measure)	1	[{"added": {}}, {"added": {"name": "item contributor", "object": "ItemContributor object (5c564296-e394-48e8-8868-c12f72aaba56)"}}]	15	e59f0ce8-c5b1-461c-a84c-6e219e0d5e63
255	2026-05-04 15:19:58.388019+00	1cd88f3d-4fb0-4c06-8dd5-a587722a2ba3	Every year from 2021, raise PhP1 million excluding scholarships (Performance Measure)	2	[{"changed": {"fields": ["Target"]}}]	15	e59f0ce8-c5b1-461c-a84c-6e219e0d5e63
154	2026-04-13 18:07:37.057446+00	72b96b3f-6d57-43ca-9afc-82fb6b6959fa	From 2021 to 2024, at least 30% of faculty members have presented research in academic conferences (Performance Measure)	1	[{"added": {}}, {"added": {"name": "item contributor", "object": "ItemContributor object (7faa2768-845e-4176-9f75-c8df8186c930)"}}]	15	e59f0ce8-c5b1-461c-a84c-6e219e0d5e63
155	2026-04-13 18:09:03.376737+00	795838bc-3d9d-4d3c-b680-45d9cdb603fc	From 2021 to 2027, at least 60% of faculty members have presented research in academic conferences (Performance Measure)	1	[{"added": {}}, {"added": {"name": "item contributor", "object": "ItemContributor object (687e120b-1d6b-4e97-b8f0-67e1cffd4669)"}}]	15	e59f0ce8-c5b1-461c-a84c-6e219e0d5e63
156	2026-04-13 18:10:23.340152+00	0d5345c4-e03e-4893-9dde-91539ee9b125	Increase the number of high-quality publication and creative work (Objective)	1	[{"added": {}}, {"added": {"name": "item contributor", "object": "ItemContributor object (428583ea-a1b7-4381-a83e-6ccb028cc79c)"}}]	15	e59f0ce8-c5b1-461c-a84c-6e219e0d5e63
157	2026-04-13 18:11:20.923996+00	4d0d261b-13a5-419a-93b3-8b11f60e0dc1	By 2021, 50% of UP Cebu faculty will publish in high-impact journals or exhibit creative works (Performance Measure)	1	[{"added": {}}, {"added": {"name": "item contributor", "object": "ItemContributor object (debbbce4-a7a0-40cb-91fb-12b842cac04a)"}}]	15	e59f0ce8-c5b1-461c-a84c-6e219e0d5e63
158	2026-04-13 18:11:55.773991+00	28f6a326-5145-4829-a9e7-a6a81d7aa621	ACCESSIBLE QUALITY EDUCATION (Strategic Result Area)	2	[{"changed": {"fields": ["Code"]}}]	15	e59f0ce8-c5b1-461c-a84c-6e219e0d5e63
159	2026-04-13 18:13:08.161226+00	546c1ffe-0e34-4c21-abdf-ae40cd55884b	By 2024, 60% of UP Cebu faculty will publish in high-impact journals or exhibit creative works (Performance Measure)	1	[{"added": {}}, {"added": {"name": "item contributor", "object": "ItemContributor object (0c07d4e2-922f-4844-ad13-494a83d66992)"}}]	15	e59f0ce8-c5b1-461c-a84c-6e219e0d5e63
160	2026-04-13 18:13:52.717526+00	9fa6fdd2-b80a-4daa-bca8-d977ae62b7ca	By 2027, 70% of UP Cebu faculty will publish in high-impact journals or exhibit creative works (Performance Measure)	1	[{"added": {}}, {"added": {"name": "item contributor", "object": "ItemContributor object (6bfc76a8-84b6-46ad-b18b-2e309c33446a)"}}]	15	e59f0ce8-c5b1-461c-a84c-6e219e0d5e63
161	2026-04-13 18:14:40.976674+00	8e8291b6-f67f-4e37-99ce-f512b5c05e45	Every year from 2021 to 2027, UP Cebu will publish or exhibit at least 15 research papers or creative works (Performance Measure)	1	[{"added": {}}, {"added": {"name": "item contributor", "object": "ItemContributor object (b3cc15d9-71bc-4378-a1ab-336677778311)"}}]	15	e59f0ce8-c5b1-461c-a84c-6e219e0d5e63
162	2026-04-13 18:15:36.112199+00	b50a7b27-9116-4d66-b2f0-42fdbd143efd	By 2022, UP Cebu will release its first e-journal issue (Performance Measure)	1	[{"added": {}}, {"added": {"name": "item contributor", "object": "ItemContributor object (49a36b4d-25cd-4519-9d6a-c68b42075f82)"}}]	15	e59f0ce8-c5b1-461c-a84c-6e219e0d5e63
163	2026-04-13 18:17:52.330008+00	c1a60c23-b684-415a-9fda-c770a7c2112e	By 2025, UP Cebu will release two (2) issues per year (Performance Measure)	1	[{"added": {}}, {"added": {"name": "item contributor", "object": "ItemContributor object (b86ecf66-040c-4778-b254-577a753b123f)"}}]	15	e59f0ce8-c5b1-461c-a84c-6e219e0d5e63
164	2026-04-13 18:18:41.291625+00	52e70d71-d45a-49db-aa67-65fa2396855c	At the end of every year from 2021 to 2026, UP Cebu will have at least three (3) international publication award (IPA) for every year (Performance Measure)	1	[{"added": {}}, {"added": {"name": "item contributor", "object": "ItemContributor object (4c86cde4-d7aa-4da6-bc35-5a7da5bb8c2c)"}}]	15	e59f0ce8-c5b1-461c-a84c-6e219e0d5e63
165	2026-04-13 18:20:05.342688+00	782ae28d-465a-4f0f-9e18-c94c06e6f476	Increase utilization of research outputs and publications/creative work by the government, industry, and the public (Objective)	1	[{"added": {}}, {"added": {"name": "item contributor", "object": "ItemContributor object (828e7ead-56a5-4f75-9f89-0f995220da3f)"}}]	15	e59f0ce8-c5b1-461c-a84c-6e219e0d5e63
166	2026-04-13 18:21:26.880644+00	7afd5a25-692c-4246-a09a-8f1663bb45d7	By 2024, UP Cebu will increase the number of active partnerships with local government units (LGUs), industries, NGOs, NGAs, SMEs, and other stakeholders (Performance Measure)	1	[{"added": {}}, {"added": {"name": "item contributor", "object": "ItemContributor object (02eeacd2-b3df-411d-a7fc-a3cef09c0505)"}}]	15	e59f0ce8-c5b1-461c-a84c-6e219e0d5e63
167	2026-04-13 18:22:22.759174+00	dcee6be2-890d-4236-9ce8-097a1632df0c	At the end of every year, from 2021 to 2027, UP Cebu will increase its research publication citations by 5% annually based on Google Scholar statistics (Performance Measure)	1	[{"added": {}}, {"added": {"name": "item contributor", "object": "ItemContributor object (e4a4335f-45d8-42d3-bfa7-f2da9fa4b3f4)"}}]	15	e59f0ce8-c5b1-461c-a84c-6e219e0d5e63
168	2026-04-13 18:23:18.654285+00	e9015377-bb59-41bf-97ed-3f1ab7235c44	Strengthen the niche of UP Cebu as Center for Art, Culture, and Design (Objective)	1	[{"added": {}}, {"added": {"name": "item contributor", "object": "ItemContributor object (5626df39-179a-4be6-9c64-37d7299d6d67)"}}]	15	e59f0ce8-c5b1-461c-a84c-6e219e0d5e63
169	2026-04-13 18:24:10.513018+00	10c8d036-31d0-4cd4-a39f-575a6768641e	Every year, UP Cebu will conduct exhibits for creative works and ensure 100% utilization of the Jose Joya Gallery (Performance Measure)	1	[{"added": {}}, {"added": {"name": "item contributor", "object": "ItemContributor object (18512472-9357-4b22-8f3d-834c53a26041)"}}]	15	e59f0ce8-c5b1-461c-a84c-6e219e0d5e63
170	2026-04-13 18:25:11.260032+00	766bc3e3-389a-4536-a340-17b5ec7182af	Every year, UP Cebu will be active in the community art scene through the annual hosting of Arts and Design Fairs (Performance Measure)	1	[{"added": {}}, {"added": {"name": "item contributor", "object": "ItemContributor object (cf946505-038f-45b4-a79e-aa708ad412d8)"}}]	15	e59f0ce8-c5b1-461c-a84c-6e219e0d5e63
171	2026-04-13 18:26:26.469528+00	28a8d0d5-691e-496f-8bb8-5c65b66522c9	By 2024, UP Cebu will establish the Center for Visayan Art and Culture which will also house the Jose Joya Gallery (Performance Measure)	1	[{"added": {}}, {"added": {"name": "item contributor", "object": "ItemContributor object (0e21fb00-9e83-44cb-9766-55e0bbaec067)"}}]	15	e59f0ce8-c5b1-461c-a84c-6e219e0d5e63
172	2026-04-13 18:27:29.295223+00	994a9c86-8c57-4088-897b-ed99319b8ca2	By 2026, the CCAD building will house a Product Design Gallery and Cinematheque for local and international films (Performance Measure)	1	[{"added": {}}, {"added": {"name": "item contributor", "object": "ItemContributor object (95862fe8-7856-4625-9810-a3633dd6f13b)"}}]	15	e59f0ce8-c5b1-461c-a84c-6e219e0d5e63
173	2026-04-13 18:28:20.28923+00	677da173-9a2d-4f81-a9b2-4403aa336dd4	By 2021, UP Cebu will institutionalize the UP Cebu Museum in the Heritage Administration building (Performance Measure)	1	[{"added": {}}, {"added": {"name": "item contributor", "object": "ItemContributor object (fbccf199-e35a-4d27-a1bc-7e2d3b9c95f0)"}}]	15	e59f0ce8-c5b1-461c-a84c-6e219e0d5e63
174	2026-04-13 18:28:59.491879+00	e23a2ba4-50d2-4265-b2e1-d70f35f02fec	By 2024, UP Cebu will partner with the Cebu Provincial Government to revive the Cultural Center of Cebu (CCC) (Performance Measure)	1	[{"added": {}}, {"added": {"name": "item contributor", "object": "ItemContributor object (983f399e-ccab-434b-a0e0-1a6e637709be)"}}]	15	e59f0ce8-c5b1-461c-a84c-6e219e0d5e63
175	2026-04-13 18:30:04.948382+00	211fd82f-4803-44c1-9bf6-5da17cca0267	By 2024, UP Cebu will set up the Art Museum in a strategic location in Cebu City (Performance Measure)	1	[{"added": {}}, {"added": {"name": "item contributor", "object": "ItemContributor object (f9fa73de-06b0-4e85-b93a-a73df4cd7480)"}}]	15	e59f0ce8-c5b1-461c-a84c-6e219e0d5e63
281	2026-05-05 18:43:25.456886+00	87a77c0e-f759-4eb1-9c90-1c7fc1012212	By 2022, increase the number of administrative staff by 10% (Performance Measure)	2	[{"changed": {"fields": ["Code"]}}]	15	e59f0ce8-c5b1-461c-a84c-6e219e0d5e63
176	2026-04-13 18:31:09.182755+00	09552ba4-874c-40d3-9a68-8d91adf01d14	By 2024, UP Cebu will open its art-in-residency program to draw innovative artists to the University (Performance Measure)	1	[{"added": {}}, {"added": {"name": "item contributor", "object": "ItemContributor object (a1cc2219-ca6b-444a-8f48-5b68af209688)"}}]	15	e59f0ce8-c5b1-461c-a84c-6e219e0d5e63
177	2026-04-13 18:31:56.507181+00	c1ea9c44-dd49-4a61-9376-473b5b08a0bc	Sustain UP CebuΓÇÖs niche in IT Education (Objective)	1	[{"added": {}}, {"added": {"name": "item contributor", "object": "ItemContributor object (646c84c0-9a5a-4a0b-a920-85290f17d5b4)"}}]	15	e59f0ce8-c5b1-461c-a84c-6e219e0d5e63
178	2026-04-13 18:32:44.252574+00	11b870c2-e990-442d-84af-b4c1a412f7b4	By 2025, UP Cebu will maintain its Center of Excellence in IT Education status (Performance Measure)	1	[{"added": {}}, {"added": {"name": "item contributor", "object": "ItemContributor object (a70fa0f3-f238-432c-b53a-455bc0354d24)"}}]	15	e59f0ce8-c5b1-461c-a84c-6e219e0d5e63
179	2026-04-13 18:33:25.170395+00	fd10defc-9700-47c0-9ba4-d2fb7aafc638	By 2022, UP Cebu will start proposing at least one funded research project and every year after (Performance Measure)	1	[{"added": {}}, {"added": {"name": "item contributor", "object": "ItemContributor object (2b2923c7-b475-432c-bbe2-2574440ec14e)"}}]	15	e59f0ce8-c5b1-461c-a84c-6e219e0d5e63
180	2026-04-13 18:34:09.194043+00	17e3aef9-ce69-4d9a-b813-f849acb1a347	By 2021, UP Cebu will engage at least 1 partnership through MOA with IT industries within Cebu City and sustained partnership every year after (Performance Measure)	1	[{"added": {}}, {"added": {"name": "item contributor", "object": "ItemContributor object (a4e76c56-1025-4af3-9b1b-afe96b75b267)"}}]	15	e59f0ce8-c5b1-461c-a84c-6e219e0d5e63
181	2026-04-13 20:05:51.861998+00	7ac85743-5a8f-478b-a3f5-3d7b676cda54	By 2023, UP Cebu will reach 60% graduate placement for BSCS in the industry as IT professional (Performance Measure)	1	[{"added": {}}, {"added": {"name": "item contributor", "object": "ItemContributor object (46661bf8-b040-4db7-8ecb-7c029a7dd99f)"}}]	15	e59f0ce8-c5b1-461c-a84c-6e219e0d5e63
182	2026-04-13 20:06:50.119274+00	2f83a914-203f-46e5-91b0-d4fc1e4de4a8	By 2024, UP Cebu will reach 75% graduate placement for BSCS in the industry as IT professional (Performance Measure)	1	[{"added": {}}, {"added": {"name": "item contributor", "object": "ItemContributor object (2cb95d38-dd3b-4615-b847-acb55af5e631)"}}]	15	e59f0ce8-c5b1-461c-a84c-6e219e0d5e63
183	2026-04-13 20:07:28.249607+00	08da4c45-5820-4753-bcc2-95e9a5fbbd01	By 2025, UP Cebu will reach 90% graduate placement for BSCS in the industry as IT professional (Performance Measure)	1	[{"added": {}}, {"added": {"name": "item contributor", "object": "ItemContributor object (de8bf76a-d5f8-458b-bf80-eb2eff60fc98)"}}]	15	e59f0ce8-c5b1-461c-a84c-6e219e0d5e63
184	2026-04-13 20:08:12.438476+00	34d02006-ca43-4034-aba3-73509dc900aa	By 2021, UP Cebu will conduct at least one (1) sustained engagement (i.e., training, mentorship, etc.) with an identified higher education institution (HEI) per year (Performance Measure)	1	[{"added": {}}, {"added": {"name": "item contributor", "object": "ItemContributor object (df9520a0-1462-4137-a169-80675f55d58f)"}}]	15	e59f0ce8-c5b1-461c-a84c-6e219e0d5e63
185	2026-04-13 20:10:15.049557+00	ba5b6833-9c92-49eb-bc4f-929a1e54eee6	Build a culture of innovation (Objective)	1	[{"added": {}}, {"added": {"name": "item contributor", "object": "ItemContributor object (186dee87-819c-49a9-a405-f54e87db0eff)"}}]	15	e59f0ce8-c5b1-461c-a84c-6e219e0d5e63
186	2026-04-13 20:11:16.879348+00	59178b53-05c5-40b6-a10a-a27cd8f7b70d	By 2024, two (2) new [additional] prototypes will be demonstrated and the corresponding DTI registration secured annually (Performance Measure)	1	[{"added": {}}, {"added": {"name": "item contributor", "object": "ItemContributor object (e4993fd7-055c-4f83-9d7b-29a2f31ce206)"}}]	15	e59f0ce8-c5b1-461c-a84c-6e219e0d5e63
187	2026-04-13 20:12:10.312951+00	921f1ebd-9909-49f4-9872-6473f03f3c81	By 2026, four (4) new [additional] prototypes will be demonstrated and the corresponding DTI registration secured annually (Performance Measure)	1	[{"added": {}}, {"added": {"name": "item contributor", "object": "ItemContributor object (c48a686f-7ebe-4f9e-b8a3-9e7b36f80985)"}}]	15	e59f0ce8-c5b1-461c-a84c-6e219e0d5e63
188	2026-04-13 20:12:55.427461+00	8b4d69c1-4dd7-4627-adca-db99fd280741	Protect the intellectual property rights of and secure economic gains for UP Cebu (Objective)	1	[{"added": {}}, {"added": {"name": "item contributor", "object": "ItemContributor object (0fbf8ec2-5617-4cde-9214-7c868c29f3fd)"}}]	15	e59f0ce8-c5b1-461c-a84c-6e219e0d5e63
189	2026-04-13 20:16:06.226728+00	11263865-ac97-478d-a0ee-be5493b5500c	Protect the intellectual property rights of and secure economic gains for UP Cebu (Objective)	1	[{"added": {}}, {"added": {"name": "item contributor", "object": "ItemContributor object (aecdda07-e935-49eb-bda9-8ab2b120cbdb)"}}]	15	e59f0ce8-c5b1-461c-a84c-6e219e0d5e63
190	2026-04-13 20:16:34.199479+00	e9015377-bb59-41bf-97ed-3f1ab7235c44	Strengthen the niche of UP Cebu as Center for Art, Culture, and Design (Objective)	2	[{"changed": {"fields": ["Code"]}}]	15	e59f0ce8-c5b1-461c-a84c-6e219e0d5e63
191	2026-04-13 20:17:50.374117+00	8b4d69c1-4dd7-4627-adca-db99fd280741	Every year from 2021 to 2027, UP Cebu will file the following protections: patent (6), utility model (10), and industrial design (15) (Objective)	2	[{"changed": {"fields": ["Parent", "Unit of measure", "Code", "Name", "Description", "Target", "Start date", "End date"]}}]	15	e59f0ce8-c5b1-461c-a84c-6e219e0d5e63
192	2026-04-13 20:18:43.669626+00	8b4d69c1-4dd7-4627-adca-db99fd280741	Every year from 2021 to 2027, UP Cebu will file the following protections: patent (6), utility model (10), and industrial design (15) (Objective)	2	[{"changed": {"fields": ["Target"]}}]	15	e59f0ce8-c5b1-461c-a84c-6e219e0d5e63
193	2026-04-13 20:19:44.456637+00	8b4d69c1-4dd7-4627-adca-db99fd280741	Every year from 2021 to 2027, UP Cebu will file the following protections: patent (6), utility model (10), and industrial design (15) (Performance Measure)	2	[{"changed": {"fields": ["Template node type"]}}]	15	e59f0ce8-c5b1-461c-a84c-6e219e0d5e63
194	2026-04-13 20:21:30.101148+00	8b4d69c1-4dd7-4627-adca-db99fd280741	Every year from 2021 to 2027, UP Cebu will file the following protections: patent (6), utility model (10), and industrial design (15) (Performance Measure)	2	[{"changed": {"fields": ["Parent", "Target"]}}]	15	e59f0ce8-c5b1-461c-a84c-6e219e0d5e63
195	2026-04-13 20:22:43.041457+00	44b86145-86ad-4026-8ea6-e4f7991d3be7	Every year from 2022 to 2027, UP Cebu will commercialize one (1) product (Performance Measure)	1	[{"added": {}}, {"added": {"name": "item contributor", "object": "ItemContributor object (c21f13be-f485-48fc-8087-eaee4c913b5c)"}}]	15	e59f0ce8-c5b1-461c-a84c-6e219e0d5e63
196	2026-04-13 20:23:21.388787+00	9e18ae33-c20a-467c-aea3-dc8b584abc53	PUBLIC SERVICE (Strategic Result Area)	1	[{"added": {}}, {"added": {"name": "item contributor", "object": "ItemContributor object (ffcbe530-75b2-4a20-9580-fed9b5a8bd1e)"}}]	15	e59f0ce8-c5b1-461c-a84c-6e219e0d5e63
197	2026-04-13 20:24:11.125363+00	27d627ac-828e-4bd6-b03a-011aa847325f	Provide capacity building trainings for various stakeholders (Objective)	1	[{"added": {}}, {"added": {"name": "item contributor", "object": "ItemContributor object (144fdf45-9dcf-4e12-89e7-913c8f338e94)"}}]	15	e59f0ce8-c5b1-461c-a84c-6e219e0d5e63
198	2026-04-13 20:25:14.194598+00	2246e862-7337-4756-8a91-1fb6adfcbd24	Every year starting 2021, provide training, seminars, and workshops for 600 to 1,500 participants (Performance Measure)	1	[{"added": {}}, {"added": {"name": "item contributor", "object": "ItemContributor object (226985c4-cfc6-400c-a4de-371107cfb4e2)"}}]	15	e59f0ce8-c5b1-461c-a84c-6e219e0d5e63
280	2026-05-05 18:43:17.957771+00	e75d680b-3509-43b6-8d53-ccca62ae5ab7	By 2022, create the Procurement Office and Office of Community Affairs (Performance Measure)	2	[{"changed": {"fields": ["Code"]}}]	15	e59f0ce8-c5b1-461c-a84c-6e219e0d5e63
199	2026-04-13 20:25:50.065378+00	127621bf-47e2-464e-bd96-18c4552402ac	Every year starting 2021, at least five (5) LGUs are being assisted by UP Cebu in various capacitation programs (Performance Measure)	1	[{"added": {}}, {"added": {"name": "item contributor", "object": "ItemContributor object (bde4b68b-533a-45d7-bfb6-4954a3e87eda)"}}]	15	e59f0ce8-c5b1-461c-a84c-6e219e0d5e63
200	2026-04-13 20:26:22.577954+00	ee83e9a3-0923-4d8a-a142-011ee79dda68	Intensify collaboration of UP Cebu with regional, national, and international centers and consortia to understand the needs of the community and increase relevance of UP Cebu (Objective)	1	[{"added": {}}, {"added": {"name": "item contributor", "object": "ItemContributor object (f3bc5104-f29d-428e-96f9-0d95cdc47785)"}}]	15	e59f0ce8-c5b1-461c-a84c-6e219e0d5e63
201	2026-04-13 20:26:59.017216+00	851ef59c-c0e4-4151-a588-9b5db9972810	By 2024, UP Cebu will have 15 active partnerships with regional, national, and international centers and consortia, oriented towards public service (Performance Measure)	1	[{"added": {}}, {"added": {"name": "item contributor", "object": "ItemContributor object (1f311257-1e91-4a0e-b231-2e07a8329b60)"}}]	15	e59f0ce8-c5b1-461c-a84c-6e219e0d5e63
202	2026-04-13 20:27:41.003673+00	7e1fda02-13a0-493d-bc78-c6ef6170b8ae	By 2024, at least 50% of UP Cebu faculty members are members of regional, national, and international centers and consortia (Performance Measure)	1	[{"added": {}}, {"added": {"name": "item contributor", "object": "ItemContributor object (54c202c6-b183-44f5-9c21-686f155723d1)"}}]	15	e59f0ce8-c5b1-461c-a84c-6e219e0d5e63
203	2026-04-13 20:28:33.939436+00	65477d19-72e2-4bf3-a6d6-ae484f117ed5	Be an active and relevant contributor to CebuΓÇÖs creative cities and tourism initiatives to help maintain Cebu CityΓÇÖs status as one of UNESCO's Creative Cities/City of Design; and strengthen culture, a	1	[{"added": {}}, {"added": {"name": "item contributor", "object": "ItemContributor object (e57d3070-3d52-44eb-b4bb-4def4e83a9d6)"}}]	15	e59f0ce8-c5b1-461c-a84c-6e219e0d5e63
204	2026-04-13 20:30:22.336919+00	2daaf3ec-d8fd-47ff-a620-2ba211895337	Every year from 2021, UP Cebu will spearhead events for the Cebu Design Week ΓÇô Art and Design Conference and Exhibition in September or October (Performance Measure)	1	[{"added": {}}, {"added": {"name": "item contributor", "object": "ItemContributor object (e78b0ac7-9223-4ee4-885f-9ce1a8aeb69b)"}}]	15	e59f0ce8-c5b1-461c-a84c-6e219e0d5e63
205	2026-04-13 20:31:46.403415+00	0e480856-dcd3-4c66-9416-4282f6fc4d23	Every year from 2022, UP Cebu will spearhead National Arts Month in February (Performance Measure)	1	[{"added": {}}, {"added": {"name": "item contributor", "object": "ItemContributor object (dda02dc9-c1eb-4812-8ada-860f21586c7c)"}}]	15	e59f0ce8-c5b1-461c-a84c-6e219e0d5e63
206	2026-04-13 20:31:57.325473+00	0e480856-dcd3-4c66-9416-4282f6fc4d23	Every year from 2022, UP Cebu will spearhead National Arts Month in February (Performance Measure)	2	[{"changed": {"fields": ["Code"]}}]	15	e59f0ce8-c5b1-461c-a84c-6e219e0d5e63
207	2026-04-13 20:33:22.375309+00	a98d4b8c-5668-4d91-9459-e71bfd698b6d	Institutionalize disaster risk reduction, resiliency and sustainability programs (Objective)	1	[{"added": {}}, {"added": {"name": "item contributor", "object": "ItemContributor object (9a162c51-0e2d-4680-8c0c-c774bafd6639)"}}]	15	e59f0ce8-c5b1-461c-a84c-6e219e0d5e63
208	2026-04-13 20:34:32.828332+00	7f363e5c-5060-4244-8b22-d886dd473453	Every year starting 2021, assist at least five (5) LGUs to identify, assess, and reduce the risks of various disasters (Performance Measure)	1	[{"added": {}}, {"added": {"name": "item contributor", "object": "ItemContributor object (238cfcb9-21f7-4c87-af47-82aede895453)"}}]	15	e59f0ce8-c5b1-461c-a84c-6e219e0d5e63
209	2026-04-13 20:36:18.6541+00	b1b5d165-3512-4fd1-8bbc-e58ea934a3c0	By 2022, finalize a memorandum of agreement/understanding (MOA/MOU) with government agencies and/or other sectors for a collaborative project on disaster resilience and sustainability (Performance Mea	1	[{"added": {}}, {"added": {"name": "item contributor", "object": "ItemContributor object (1e6768e2-6c54-4354-b099-1dc6d4441cc1)"}}]	15	e59f0ce8-c5b1-461c-a84c-6e219e0d5e63
210	2026-04-13 20:37:45.922+00	0baf0280-7378-45ce-9e3c-354e4224e725	By 2021, organize and spearhead a multisectoral and collaborative conference within the theme of resilience and sustainability (Performance Measure)	1	[{"added": {}}, {"added": {"name": "item contributor", "object": "ItemContributor object (a9e70032-d254-4624-972b-d66418adfeb3)"}}]	15	e59f0ce8-c5b1-461c-a84c-6e219e0d5e63
243	2026-04-14 02:59:34.962717+00	008d2d82-5422-4cf4-b8eb-69480edb658d	UserUnit object (008d2d82-5422-4cf4-b8eb-69480edb658d)	2	[{"changed": {"fields": ["Is primary"]}}]	11	e59f0ce8-c5b1-461c-a84c-6e219e0d5e63
244	2026-04-14 03:39:08.336692+00	008d2d82-5422-4cf4-b8eb-69480edb658d	UserUnit object (008d2d82-5422-4cf4-b8eb-69480edb658d)	2	[]	11	e59f0ce8-c5b1-461c-a84c-6e219e0d5e63
245	2026-04-14 03:40:50.351329+00	03965c08-ca96-499c-b781-445135eaa7da	Percentage of first-time licensure exam takers who passed the licensure exams (Performance Indicator Description)	2	[{"added": {"name": "item contributor", "object": "ItemContributor object (defef8c7-b207-43d5-abfd-415e03a7f61c)"}}]	15	e59f0ce8-c5b1-461c-a84c-6e219e0d5e63
246	2026-04-14 03:42:32.148425+00	03965c08-ca96-499c-b781-445135eaa7da	Percentage of first-time licensure exam takers who passed the licensure exams (Performance Indicator Description)	2	[{"changed": {"name": "item contributor", "object": "ItemContributor object (defef8c7-b207-43d5-abfd-415e03a7f61c)", "fields": ["Unit"]}}]	15	e59f0ce8-c5b1-461c-a84c-6e219e0d5e63
247	2026-04-14 03:55:36.621458+00	0c41cf90-5ec0-472f-a0ce-025b0d22d6fc	Performance Budget Monitoring System	2	[{"changed": {"fields": ["Name", "Short code"]}}]	14	e59f0ce8-c5b1-461c-a84c-6e219e0d5e63
248	2026-05-04 15:00:18.207969+00	a85e1862-267c-421c-b4ad-a25128226144	ADMINISTRATIVE EFFICIENCY (Strategic Result Area)	1	[{"added": {}}, {"added": {"name": "item contributor", "object": "ItemContributor object (d985cb0d-638d-4110-ad1a-00778142bb3d)"}}]	15	e59f0ce8-c5b1-461c-a84c-6e219e0d5e63
249	2026-05-04 15:01:34.26021+00	d8419fa0-b64d-4f1d-8c54-26dbadb5f936	Enhance UP CebuΓÇÖs fiscal resource management (Objective)	1	[{"added": {}}, {"added": {"name": "item contributor", "object": "ItemContributor object (96ecc32c-9a19-495a-916f-491a92ebc090)"}}]	15	e59f0ce8-c5b1-461c-a84c-6e219e0d5e63
250	2026-05-04 15:03:10.765342+00	dfc869ff-0c83-41f0-ab5e-f1f4837ddf5e	At the end of every year, 100% OBUR/DBUR to demonstrate effective utilization of the budget (Performance Measure)	1	[{"added": {}}, {"added": {"name": "item contributor", "object": "ItemContributor object (71a913b1-5387-4d58-b163-c4ceb4ad597d)"}}]	15	e59f0ce8-c5b1-461c-a84c-6e219e0d5e63
251	2026-05-04 15:03:26.379113+00	dfc869ff-0c83-41f0-ab5e-f1f4837ddf5e	At the end of every year, 100% OBUR/DBUR to demonstrate effective utilization of the budget (Performance Measure)	2	[{"changed": {"fields": ["Code"]}}]	15	e59f0ce8-c5b1-461c-a84c-6e219e0d5e63
252	2026-05-04 15:06:32.837794+00	ef4f3df5-ee21-42a8-a8ae-b802448e6de4	At the end of every year, zero (0) disallowance (Performance Measure)	1	[{"added": {}}, {"added": {"name": "item contributor", "object": "ItemContributor object (7e3f983b-19cd-4599-a760-5573f2857f9e)"}}]	15	e59f0ce8-c5b1-461c-a84c-6e219e0d5e63
253	2026-05-04 15:15:24.990318+00	ef4f3df5-ee21-42a8-a8ae-b802448e6de4	At the end of every year, zero (0) disallowance (Performance Measure)	2	[]	15	e59f0ce8-c5b1-461c-a84c-6e219e0d5e63
254	2026-05-04 15:19:06.836226+00	1cd88f3d-4fb0-4c06-8dd5-a587722a2ba3	Every year from 2021, raise PhP1 million excluding scholarships (Performance Measure)	1	[{"added": {}}, {"added": {"name": "item contributor", "object": "ItemContributor object (6f5b22da-1efd-405e-bb4e-df56687c3812)"}}]	15	e59f0ce8-c5b1-461c-a84c-6e219e0d5e63
256	2026-05-04 15:21:09.549361+00	508fd181-7998-4f3f-9122-e034713b5b80	Continuously improve service standards (Objective)	1	[{"added": {}}, {"added": {"name": "item contributor", "object": "ItemContributor object (cd893af8-9344-4101-b589-f90e109d3a6a)"}}]	15	e59f0ce8-c5b1-461c-a84c-6e219e0d5e63
257	2026-05-04 15:22:49.379039+00	6fbd8499-1d6d-4dd3-96d3-539e7fe8e878	By 2021, all university procedures and services are codified into a digital Administrative Manual. A digital repository of all previous policies created and adopted in various policy- making committee	1	[{"added": {}}, {"added": {"name": "item contributor", "object": "ItemContributor object (8fa72bb5-615d-46c3-b750-c22d62a860dd)"}}]	15	e59f0ce8-c5b1-461c-a84c-6e219e0d5e63
258	2026-05-04 15:23:24.299223+00	6fbd8499-1d6d-4dd3-96d3-539e7fe8e878	By 2021, all university procedures and services are codified into a digital Administrative Manual. A digital repository of all previous policies created and adopted in various policy- making committee	2	[]	15	e59f0ce8-c5b1-461c-a84c-6e219e0d5e63
259	2026-05-05 16:41:56.733169+00	8209a69e-3c3c-4c69-a0db-bc7143f3bbe3	By 2021, all university academic policies shall have been codified (e.g., Academic Personnel and Fellowship Committee or APFC guidelines) (Performance Measure)	1	[{"added": {}}, {"added": {"name": "item contributor", "object": "ItemContributor object (9780a3da-660a-44a4-bd2e-ca32a5ced236)"}}]	15	e59f0ce8-c5b1-461c-a84c-6e219e0d5e63
260	2026-05-05 16:42:52.270436+00	7ff24d17-d98f-46f9-8d93-899f632cedba	By 2021, UP Cebu will practice paperless enrollment and clearance (100% online) (Performance Measure)	1	[{"added": {}}, {"added": {"name": "item contributor", "object": "ItemContributor object (4d7a7622-3c4e-40ef-943c-252ca05f57f8)"}}]	15	e59f0ce8-c5b1-461c-a84c-6e219e0d5e63
261	2026-05-05 16:44:15.16557+00	5992b28d-63df-4829-adee-4a5260194a0a	By 2021, automation of various administrative services (i.e., online reservation, release of pay slips, etc.) and synchronization of data (Performance Measure)	1	[{"added": {}}, {"added": {"name": "item contributor", "object": "ItemContributor object (8f69056e-3335-4b85-b86f-8b18554a431c)"}}]	15	e59f0ce8-c5b1-461c-a84c-6e219e0d5e63
262	2026-05-05 16:44:52.873309+00	facf00c0-0209-44ce-9fb0-c58da32d3790	By 2022, UP Cebu will be vested Level 2 Accreditation of the Program to Institutionalize Meritocracy and Excellence in Human Resource Management (PRIME HRM) and Level 3 by 2024 (Performance Measure)	1	[{"added": {}}, {"added": {"name": "item contributor", "object": "ItemContributor object (8c2cdb51-7fb2-48e2-80fd-6d9b1fac6309)"}}]	15	e59f0ce8-c5b1-461c-a84c-6e219e0d5e63
263	2026-05-05 18:07:00.802866+00	facf00c0-0209-44ce-9fb0-c58da32d3790	By 2022, UP Cebu will be vested Level 2 Accreditation of the Program to Institutionalize Meritocracy and Excellence in Human Resource Management (PRIME HRM) and Level 3 by 2024 (Performance Measure)	2	[{"changed": {"fields": ["Code"]}}]	15	e59f0ce8-c5b1-461c-a84c-6e219e0d5e63
264	2026-05-05 18:09:59.294179+00	22b03e95-e64f-4208-ab8e-2c10548be8a2	Apply sustainable practices in power, water, and waste management (Objective)	1	[{"added": {}}, {"added": {"name": "item contributor", "object": "ItemContributor object (fc813fe4-5adf-467f-a63e-639463a6183e)"}}]	15	e59f0ce8-c5b1-461c-a84c-6e219e0d5e63
265	2026-05-05 18:11:12.626252+00	74031a9e-2fe2-421d-a350-58c95643d043	By 2021, UP Cebu will reduce power consumption by 10% from 2019 levels (Performance Measure)	1	[{"added": {}}, {"added": {"name": "item contributor", "object": "ItemContributor object (61501a91-d0e4-4d3a-81ec-7b4bb027ee0c)"}}]	15	e59f0ce8-c5b1-461c-a84c-6e219e0d5e63
266	2026-05-05 18:12:32.258878+00	9d4b7bcb-a6ea-4ad8-8ef1-cc993671cb85	By 2021, UP Cebu will reduce water consumption by 10% from 2019 levels (Performance Measure)	1	[{"added": {}}, {"added": {"name": "item contributor", "object": "ItemContributor object (026188e9-cef5-4efd-8afe-ec723bc05667)"}}]	15	e59f0ce8-c5b1-461c-a84c-6e219e0d5e63
267	2026-05-05 18:14:57.583872+00	2df0c781-0ee9-4d11-a73a-8eaae3e929ec	At the end of every year from 2022 to 2026, power and water consumption will be reduced every year by at least 5% from the previous year (Performance Measure)	1	[{"added": {}}, {"added": {"name": "item contributor", "object": "ItemContributor object (5bf0128b-8b2a-4cf9-ab42-562e6a33e3a0)"}}]	15	e59f0ce8-c5b1-461c-a84c-6e219e0d5e63
268	2026-05-05 18:16:14.917164+00	6c0444e3-a36a-4828-96ce-180eef97668a	By 2026, UP Cebu will attain Green University Status (Performance Measure)	1	[{"added": {}}, {"added": {"name": "item contributor", "object": "ItemContributor object (2eed2134-b440-4c78-86dc-a967f96a1ed3)"}}]	15	e59f0ce8-c5b1-461c-a84c-6e219e0d5e63
269	2026-05-05 18:18:00.124891+00	961ec2f7-547b-4f42-9496-31ed8e7909d3	Reorganize UP Cebu administrative offices (Objective)	1	[{"added": {}}, {"added": {"name": "item contributor", "object": "ItemContributor object (49181a7c-2b8f-4b02-8a38-03447c3d8625)"}}]	15	e59f0ce8-c5b1-461c-a84c-6e219e0d5e63
270	2026-05-05 18:19:00.192622+00	87a77c0e-f759-4eb1-9c90-1c7fc1012212	By 2022, increase the number of administrative staff by 10% (Performance Measure)	1	[{"added": {}}, {"added": {"name": "item contributor", "object": "ItemContributor object (3f2aea15-3c6c-4eca-8265-1227f22f3dac)"}}]	15	e59f0ce8-c5b1-461c-a84c-6e219e0d5e63
271	2026-05-05 18:20:13.447285+00	e75d680b-3509-43b6-8d53-ccca62ae5ab7	By 2022, create the Procurement Office and Office of Community Affairs (Performance Measure)	1	[{"added": {}}, {"added": {"name": "item contributor", "object": "ItemContributor object (dd877b8a-7aed-4508-8856-5b8cdf1e4870)"}}]	15	e59f0ce8-c5b1-461c-a84c-6e219e0d5e63
272	2026-05-05 18:20:20.351709+00	87a77c0e-f759-4eb1-9c90-1c7fc1012212	By 2022, increase the number of administrative staff by 10% (Performance Measure)	2	[{"changed": {"fields": ["Code"]}}]	15	e59f0ce8-c5b1-461c-a84c-6e219e0d5e63
273	2026-05-05 18:21:28.273553+00	1c472108-8425-466b-bbe9-69f4bd57da0d	By 2024, migrate paperwork to online processing, as appropriate (Performance Measure)	1	[{"added": {}}, {"added": {"name": "item contributor", "object": "ItemContributor object (443b6224-e4a0-419a-ac33-efcc4c89727c)"}}]	15	e59f0ce8-c5b1-461c-a84c-6e219e0d5e63
274	2026-05-05 18:22:18.438763+00	130faf59-ab4c-4530-b181-52c1e0c6d876	Optimize the use of ICT tools and technology in teaching, research and administrative operations to promote efficiency (Objective)	1	[{"added": {}}, {"added": {"name": "item contributor", "object": "ItemContributor object (ae9df3da-4715-44a2-8cac-a4ca87c76529)"}}]	15	e59f0ce8-c5b1-461c-a84c-6e219e0d5e63
275	2026-05-05 18:23:04.05674+00	759587a4-a39e-447c-bfb1-1f2d829100ef	By 2021, 60% of UP Cebu constituents will use IT tools in teaching and research and operations (Performance Measure)	1	[{"added": {}}]	15	e59f0ce8-c5b1-461c-a84c-6e219e0d5e63
276	2026-05-05 18:41:06.642314+00	1780aeb7-b312-4beb-a2df-9a11594a8b21	By 2021, 70% of the UP Cebu faculty will increase usage of VLE, Google classroom and other online learning management systems (Performance Measure)	1	[{"added": {}}, {"added": {"name": "item contributor", "object": "ItemContributor object (67eb9762-1eea-4baa-be76-d829a3984883)"}}]	15	e59f0ce8-c5b1-461c-a84c-6e219e0d5e63
277	2026-05-05 18:42:35.94073+00	759587a4-a39e-447c-bfb1-1f2d829100ef	By 2021, 60% of UP Cebu constituents will use IT tools in teaching and research and operations (Performance Measure)	2	[{"changed": {"fields": ["Code"]}}]	15	e59f0ce8-c5b1-461c-a84c-6e219e0d5e63
278	2026-05-05 18:43:01.127655+00	1780aeb7-b312-4beb-a2df-9a11594a8b21	By 2021, 70% of the UP Cebu faculty will increase usage of VLE, Google classroom and other online learning management systems (Performance Measure)	2	[{"changed": {"fields": ["Code"]}}]	15	e59f0ce8-c5b1-461c-a84c-6e219e0d5e63
279	2026-05-05 18:43:09.915521+00	1c472108-8425-466b-bbe9-69f4bd57da0d	By 2024, migrate paperwork to online processing, as appropriate (Performance Measure)	2	[{"changed": {"fields": ["Code"]}}]	15	e59f0ce8-c5b1-461c-a84c-6e219e0d5e63
282	2026-05-05 18:44:04.318853+00	facf00c0-0209-44ce-9fb0-c58da32d3790	By 2022, UP Cebu will be vested Level 2 Accreditation of the Program to Institutionalize Meritocracy and Excellence in Human Resource Management (PRIME HRM) and Level 3 by 2024 (Performance Measure)	2	[{"changed": {"fields": ["Code"]}}]	15	e59f0ce8-c5b1-461c-a84c-6e219e0d5e63
283	2026-05-05 18:44:23.376674+00	6c0444e3-a36a-4828-96ce-180eef97668a	By 2026, UP Cebu will attain Green University Status (Performance Measure)	2	[{"changed": {"fields": ["Code"]}}]	15	e59f0ce8-c5b1-461c-a84c-6e219e0d5e63
284	2026-05-05 18:46:28.863415+00	38fe8687-fc37-4a56-976f-c8189d876860	By 2021, the number of steps to avail of various services will be streamlined and delays in administrative services are minimized to 10% of the total service (Performance Measure)	1	[{"added": {}}, {"added": {"name": "item contributor", "object": "ItemContributor object (8a1049db-4df9-4489-abe8-04d4caed8fbf)"}}]	15	e59f0ce8-c5b1-461c-a84c-6e219e0d5e63
285	2026-05-05 18:47:29.513867+00	e954b346-dfa7-4065-90ae-9986a40fc089	By 2022, 75% of stakeholders will express satisfaction with UP Cebu administrative services (Performance Measure)	1	[{"added": {}}, {"added": {"name": "item contributor", "object": "ItemContributor object (e8fb3e11-6784-43be-ad58-d5068a7522b7)"}}]	15	e59f0ce8-c5b1-461c-a84c-6e219e0d5e63
286	2026-05-05 18:48:25.283458+00	ebb52115-3899-4747-b0ca-dc2395d43f4c	By 2024, 80% of UP Cebu constituents will use IT tools (Performance Measure)	1	[{"added": {}}, {"added": {"name": "item contributor", "object": "ItemContributor object (cc90c74e-74ca-4213-bf9b-fca4be8d04cf)"}}]	15	e59f0ce8-c5b1-461c-a84c-6e219e0d5e63
287	2026-05-05 18:49:13.52095+00	3538f57f-d2b6-43e0-9604-e5be8bc37de8	By 2026, 100% of UP Cebu constituents will use IT tools (Performance Measure)	1	[{"added": {}}, {"added": {"name": "item contributor", "object": "ItemContributor object (2d71761d-91a5-4af5-be9f-8a5b69b0b95d)"}}]	15	e59f0ce8-c5b1-461c-a84c-6e219e0d5e63
288	2026-05-05 18:50:09.722267+00	a6163285-2aa0-4151-81b1-c5562f2434fa	By 2026, 90% of stakeholders will express satisfaction with UP Cebu administrative service (Performance Measure)	1	[{"added": {}}, {"added": {"name": "item contributor", "object": "ItemContributor object (8fed0572-7886-4fcb-b464-b15306f7ec53)"}}]	15	e59f0ce8-c5b1-461c-a84c-6e219e0d5e63
289	2026-05-05 18:50:58.761571+00	3fb21722-7ee7-4ea6-97e6-f9725cb20122	WELFARE OF CONSTITUENTS (Strategic Result Area)	1	[{"added": {}}, {"added": {"name": "item contributor", "object": "ItemContributor object (026fdf91-2d9c-42be-b04d-d38400913bf3)"}}]	15	e59f0ce8-c5b1-461c-a84c-6e219e0d5e63
290	2026-05-05 18:53:46.448352+00	6a0fd999-33b3-432b-a14f-55c15a2e8350	Increase knowledge and skills capacity of administrative staff, REPs, and faculty members (Objective)	1	[{"added": {}}, {"added": {"name": "item contributor", "object": "ItemContributor object (5da5b369-6edd-4ce4-a695-4e1e0e3da77a)"}}]	15	e59f0ce8-c5b1-461c-a84c-6e219e0d5e63
291	2026-05-05 18:56:05.759804+00	8aec8d45-7134-4e64-965c-3140d6c0a560	For every year from 2021 to 2027, UP Cebu administration will conduct three (3) training programs per year (e.g., on mental health, first aid, fire prevention, leadership, and values etc.) for faculty	1	[{"added": {}}, {"added": {"name": "item contributor", "object": "ItemContributor object (990aa269-8e0a-476d-ad3b-9adbcc3adbac)"}}]	15	e59f0ce8-c5b1-461c-a84c-6e219e0d5e63
292	2026-05-05 18:57:17.087788+00	07a0e464-eb47-4679-8feb-cb6a9149cb29	For every year from 2021 to 2027, 30% of the faculty, administrative staff and REPS will attend training/workshops or further studies (Performance Measure)	1	[{"added": {}}, {"added": {"name": "item contributor", "object": "ItemContributor object (acc54202-e78d-492e-9ef8-2bbcde467cac)"}}]	15	e59f0ce8-c5b1-461c-a84c-6e219e0d5e63
293	2026-05-05 18:58:18.910786+00	b380afae-5906-43ad-9243-62cc4a6637f4	Achieve zero accident and work-related illness in the workplace (Objective)	1	[{"added": {}}, {"added": {"name": "item contributor", "object": "ItemContributor object (32e2d41d-0e76-4ee1-aee2-392b4770bc7a)"}}]	15	e59f0ce8-c5b1-461c-a84c-6e219e0d5e63
294	2026-05-05 18:59:28.722754+00	5824355d-efe5-461c-b4f6-517697880c36	For every year, achieve zero (0) accidents inside UP Cebu campuses (Performance Measure)	1	[{"added": {}}, {"added": {"name": "item contributor", "object": "ItemContributor object (4366ff53-32e0-414c-b589-3a5c86dc98ae)"}}]	15	e59f0ce8-c5b1-461c-a84c-6e219e0d5e63
295	2026-05-05 19:00:19.349971+00	d3593906-eb89-4acd-ba93-5de76a66746a	For every year, achieve zero (0) work-related illness inside UP Cebu campuses (Performance Measure)	1	[{"added": {}}]	15	e59f0ce8-c5b1-461c-a84c-6e219e0d5e63
296	2026-05-05 19:01:01.858612+00	83e20fde-de9f-492b-ac0d-6f11a3180617	Foster an inclusive school environment that embraces diversity (Objective)	1	[{"added": {}}, {"added": {"name": "item contributor", "object": "ItemContributor object (a0b3fa60-6c21-47d1-adb6-ce506bed3dc7)"}}]	15	e59f0ce8-c5b1-461c-a84c-6e219e0d5e63
297	2026-05-05 19:02:20.117598+00	fc70b880-1b61-4d7f-b05e-a57f0540e08b	By 2021, facilities which cater to the needs of lesbians, gays, bisexuals, transsexual persons, and queer (LGBTQ++) individuals, persons with disabilities (PWD) or the differently-abled will be availa	1	[{"added": {}}, {"added": {"name": "item contributor", "object": "ItemContributor object (b75d964a-0037-48a5-a4c6-00f1d0b8bd55)"}}]	15	e59f0ce8-c5b1-461c-a84c-6e219e0d5e63
298	2026-05-05 19:03:13.874961+00	4cd7b4f9-ee76-4cd6-9ca6-9a4592a7854a	Increase the number of staff and REPs receiving the Gawad Dekana and Gawad Tsanselor, merit-based awards, and recognitions under Civil Service rules (Objective)	1	[{"added": {}}, {"added": {"name": "item contributor", "object": "ItemContributor object (94fb7c5f-0f56-4402-9040-d7de01ad40a9)"}}]	15	e59f0ce8-c5b1-461c-a84c-6e219e0d5e63
299	2026-05-05 19:04:23.692061+00	ced4f6a1-82ab-4d22-981c-374dbcbbbfa9	At the end of every year from 2021 to 2027, at least one (1) administrative staff or REPS will get an award for each category (Performance Measure)	1	[{"added": {}}, {"added": {"name": "item contributor", "object": "ItemContributor object (71bd66e5-ff19-4683-b643-b4b3edf4cb00)"}}]	15	e59f0ce8-c5b1-461c-a84c-6e219e0d5e63
300	2026-05-05 19:05:23.735884+00	ab0f5dd7-29f4-4351-8b3c-556e167ab39a	Mainstream gender sensitivity/responsiveness across academic and administrative programs (Objective)	1	[{"added": {}}, {"added": {"name": "item contributor", "object": "ItemContributor object (43c9eafd-0218-4de5-b13c-e11c07995c82)"}}]	15	e59f0ce8-c5b1-461c-a84c-6e219e0d5e63
301	2026-05-05 19:06:13.879874+00	20b50e10-4d34-41b9-8a15-c074cc408ded	By 2022, secure Board of Regents approval for institutionalizing the UP Cebu Gender Resource Center (Performance Measure)	1	[{"added": {}}, {"added": {"name": "item contributor", "object": "ItemContributor object (8551d1d6-ef0b-4b06-b9f0-95f66afd34bb)"}}]	15	e59f0ce8-c5b1-461c-a84c-6e219e0d5e63
302	2026-05-05 19:07:21.072111+00	14999366-dc60-4479-b39b-337be5020efb	From 2021, an annual gender sensitivity training and re/orientation is provided for all UP Cebu personnel (Performance Measure)	1	[{"added": {}}, {"added": {"name": "item contributor", "object": "ItemContributor object (6fd5fcce-77fe-4bbf-86bd-ae430af9ee6e)"}}]	15	e59f0ce8-c5b1-461c-a84c-6e219e0d5e63
303	2026-05-05 19:10:44.987148+00	de526c6b-a5a4-499e-81c8-c789263418fa	Promote housing for UP faculty and staff in accordance with RA 11396 (SUCs LUDIP Act of 2020) and its Implementing Rules and Regulations (CHED Memo 11, series of 2020) (Objective)	1	[{"added": {}}, {"added": {"name": "item contributor", "object": "ItemContributor object (be39cd2e-9aaa-4041-a4af-bb6a04177754)"}}]	15	e59f0ce8-c5b1-461c-a84c-6e219e0d5e63
304	2026-05-05 19:11:35.787164+00	28e39ae2-c714-4ae8-8a22-914dd696c218	By 2021, revisit and finalize the land use development and infrastructure plan that shall include the construction of housing for employees, and submit to Office of the Vice- President for Development	1	[{"added": {}}, {"added": {"name": "item contributor", "object": "ItemContributor object (998555ad-52bf-4415-9669-b4ce265f0646)"}}]	15	e59f0ce8-c5b1-461c-a84c-6e219e0d5e63
305	2026-05-05 19:12:19.011083+00	7d682463-b7e9-4174-9e9e-133330e1e4b9	By 2024, implement the LUDIP of UP Cebu as approved (Performance Measure)	1	[{"added": {}}, {"added": {"name": "item contributor", "object": "ItemContributor object (1e104f0c-6ac3-4b2d-a1e8-a273fe709aa4)"}}]	15	e59f0ce8-c5b1-461c-a84c-6e219e0d5e63
\.


--
-- Data for Name: django_content_type; Type: TABLE DATA; Schema: public; Owner: itcadmin
--

COPY public.django_content_type (id, app_label, model) FROM stdin;
1	admin	logentry
2	auth	permission
3	auth	group
4	contenttypes	contenttype
5	sessions	session
6	token_blacklist	blacklistedtoken
7	token_blacklist	outstandingtoken
8	core	unitofmeasure
9	core	profile
10	core	unit
11	core	userunit
12	pme	document
13	pme	reportingfrequency
14	pme	template
15	pme	item
16	pme	initiative
17	pme	itemcontributor
18	pme	reportingperiod
19	pme	initiativeaccomplishment
20	pme	templatenodetype
21	authentication	user
\.


--
-- Data for Name: django_migrations; Type: TABLE DATA; Schema: public; Owner: itcadmin
--

COPY public.django_migrations (id, app, name, applied) FROM stdin;
1	contenttypes	0001_initial	2026-04-13 05:22:24.940304+00
2	contenttypes	0002_remove_content_type_name	2026-04-13 05:22:24.950859+00
3	auth	0001_initial	2026-04-13 05:22:25.020646+00
4	auth	0002_alter_permission_name_max_length	2026-04-13 05:22:25.033743+00
5	auth	0003_alter_user_email_max_length	2026-04-13 05:22:25.050538+00
6	auth	0004_alter_user_username_opts	2026-04-13 05:22:25.069073+00
7	auth	0005_alter_user_last_login_null	2026-04-13 05:22:25.094986+00
8	auth	0006_require_contenttypes_0002	2026-04-13 05:22:25.103834+00
9	auth	0007_alter_validators_add_error_messages	2026-04-13 05:22:25.121212+00
10	auth	0008_alter_user_username_max_length	2026-04-13 05:22:25.135244+00
11	auth	0009_alter_user_last_name_max_length	2026-04-13 05:22:25.15055+00
12	auth	0010_alter_group_name_max_length	2026-04-13 05:22:25.167978+00
13	auth	0011_update_proxy_permissions	2026-04-13 05:22:25.178944+00
14	auth	0012_alter_user_first_name_max_length	2026-04-13 05:22:25.186745+00
15	authentication	0001_initial	2026-04-13 05:22:25.300087+00
16	admin	0001_initial	2026-04-13 05:22:25.358011+00
17	admin	0002_logentry_remove_auto_add	2026-04-13 05:22:25.379733+00
18	admin	0003_logentry_add_action_flag_choices	2026-04-13 05:22:25.393747+00
19	authentication	0002_rename_date_joined_user_created_at_user_updated_at	2026-04-13 05:22:25.452306+00
20	core	0001_initial	2026-04-13 05:22:25.626889+00
21	core	0002_alter_profile_first_name_alter_profile_last_name_and_more	2026-04-13 05:22:25.771615+00
22	pme	0001_initial	2026-04-13 05:22:26.354368+00
23	sessions	0001_initial	2026-04-13 05:22:26.388203+00
24	token_blacklist	0001_initial	2026-04-13 05:22:26.458517+00
25	token_blacklist	0002_outstandingtoken_jti_hex	2026-04-13 05:22:26.497199+00
26	token_blacklist	0003_auto_20171017_2007	2026-04-13 05:22:26.564712+00
27	token_blacklist	0004_auto_20171017_2013	2026-04-13 05:22:26.599067+00
28	token_blacklist	0005_remove_outstandingtoken_jti	2026-04-13 05:22:26.627948+00
29	token_blacklist	0006_auto_20171017_2113	2026-04-13 05:22:26.682791+00
30	token_blacklist	0007_auto_20171017_2214	2026-04-13 05:22:26.761871+00
31	token_blacklist	0008_migrate_to_bigautofield	2026-04-13 05:22:26.876219+00
32	token_blacklist	0010_fix_migrate_to_bigautofield	2026-04-13 05:22:26.908524+00
33	token_blacklist	0011_linearizes_history	2026-04-13 05:22:26.913885+00
34	token_blacklist	0012_alter_outstandingtoken_user	2026-04-13 05:22:26.942831+00
35	token_blacklist	0013_alter_blacklistedtoken_options_and_more	2026-04-13 05:22:26.970648+00
\.


--
-- Data for Name: django_session; Type: TABLE DATA; Schema: public; Owner: itcadmin
--

COPY public.django_session (session_key, session_data, expire_date) FROM stdin;
tjzvikqehy3teu2uzcxgvfhfmd4hba2o	.eJxVzMsOwiAQheF3YS0EOkAHl-59hoYZBls1bdLLyvju2qQLXZ__Oy_V5W3tu22RuRuKOisJqVoW1BzIaR8d64yedZTGJbElSAR1-mWU-SHjbss9j7fJ8DSu80BmT8yxLuY6FXlejvbvoM9L_9VAFopni0zoMThIFYtra1MSIUSOLQBll7xwCJK5BoZGgCOJsHeg3h8V_UGq:1wC9qS:8ZppeKrhyNYZN0W169vc2L-CGCmFFWOdOGFziFZ0R0k	2026-04-27 05:28:24.928489+00
xl6inceb8hya5meyqi62at7bycif4g0l	.eJxVzMsOwiAQheF3YS0EOkAHl-59hoYZBls1bdLLyvju2qQLXZ__Oy_V5W3tu22RuRuKOisJqVoW1BzIaR8d64yedZTGJbElSAR1-mWU-SHjbss9j7fJ8DSu80BmT8yxLuY6FXlejvbvoM9L_9VAFopni0zoMThIFYtra1MSIUSOLQBll7xwCJK5BoZGgCOJsHeg3h8V_UGq:1wJukb:-y_YPcIVlfWdW_X8qePHe7O2BNrfG1UTCk1heZ55y1o	2026-05-18 14:58:25.543707+00
pvi7fo8qzddh0mtei0n52c34hym3moog	.eJxVzMsOwiAQheF3YS0EOkAHl-59hoYZBls1bdLLyvju2qQLXZ__Oy_V5W3tu22RuRuKOisJqVoW1BzIaR8d64yedZTGJbElSAR1-mWU-SHjbss9j7fJ8DSu80BmT8yxLuY6FXlejvbvoM9L_9VAFopni0zoMThIFYtra1MSIUSOLQBll7xwCJK5BoZGgCOJsHeg3h8V_UGq:1wZ0qq:Htu1Q1Bt9Q_ticq474fBbe8Eb7Y2YSI3qHWaKjCNPJA	2026-06-29 06:31:16.435362+00
\.


--
-- Data for Name: pme_document; Type: TABLE DATA; Schema: public; Owner: itcadmin
--

COPY public.pme_document (id, name, short_code, description, start_date, end_date, status, created_at, updated_at, reporting_frequency_id, template_id) FROM stdin;
efb3ba83-4f28-4974-9616-e623114055e6	Strategic Plan 2021-2027	UPCSP 2021-2027	UP CEBU STRATEGIC PLAN 2021-2027 MID-TERM ASSESSMENT	2021-01-01	2021-12-31	1	2026-04-13 05:41:30.349151+00	2026-04-13 05:48:52.780546+00	fc7cecbd-685e-43d3-af14-36b23b02cf7a	5689db78-879c-4e13-aa1f-8b31c699a5fc
bf77d1c9-99da-4e7c-8829-e93a32975fae	PBB 2025	PBB 2025	PBB 2025	2025-01-01	2025-12-31	1	2026-04-13 15:29:44.396461+00	2026-04-13 15:29:44.39647+00	fc7cecbd-685e-43d3-af14-36b23b02cf7a	0c41cf90-5ec0-472f-a0ce-025b0d22d6fc
\.


--
-- Data for Name: pme_initiative; Type: TABLE DATA; Schema: public; Owner: itcadmin
--

COPY public.pme_initiative (id, description, target_date, value, remarks, created_by_id, unit_id, item_id) FROM stdin;
dc7caa99-80bb-4a60-a42d-1c9f622a138a	MPAf	2024-04-01	1.00	\N	13c8b1af-b519-4926-b075-84865748a38d	c565908b-9de9-4111-9b43-29de0ade3210	1666205e-f022-417b-a4af-65366d00a2d9
f604c69d-a1bc-48e8-92d3-da3a92488465	AASS	2021-04-01	1.00	\N	13c8b1af-b519-4926-b075-84865748a38d	c565908b-9de9-4111-9b43-29de0ade3210	c8bdf7e0-46b8-4b34-b9fc-147e65610253
4c956ef5-0b06-41af-a267-748d555cd00d	MACM	2024-04-01	1.00	\N	13c8b1af-b519-4926-b075-84865748a38d	c565908b-9de9-4111-9b43-29de0ade3210	1666205e-f022-417b-a4af-65366d00a2d9
82c21fe4-d684-4b1d-a538-8dde377fbdd3	MS Mathematics	2024-04-01	1.00	\N	13c8b1af-b519-4926-b075-84865748a38d	c565908b-9de9-4111-9b43-29de0ade3210	1666205e-f022-417b-a4af-65366d00a2d9
d7bf8927-b702-4798-8703-3a4931e799a6	90% are  compliant with outcomes-based	2021-04-01	90.00	\N	e59f0ce8-c5b1-461c-a84c-6e219e0d5e63	77487610-5f0b-4466-9dad-3ac66299a157	fe51f61c-e8ca-43b0-95dc-f387aaced1a1
16bfd58e-293b-484d-825e-250f694f838f	pass	2026-04-14	90.00	\N	e59f0ce8-c5b1-461c-a84c-6e219e0d5e63	0342259f-04f6-4d27-8927-c2c244071b77	03965c08-ca96-499c-b781-445135eaa7da
\.


--
-- Data for Name: pme_initiativeaccomplishment; Type: TABLE DATA; Schema: public; Owner: itcadmin
--

COPY public.pme_initiativeaccomplishment (id, file_path, created_at, updated_at, initiative_id, submitted_by_id, reporting_period_id) FROM stdin;
83274018-c308-47b1-b519-953ca97c7e12	\N	2026-04-13 06:46:07.461396+00	2026-04-13 06:46:07.461413+00	dc7caa99-80bb-4a60-a42d-1c9f622a138a	13c8b1af-b519-4926-b075-84865748a38d	9bdf0cf7-f109-4d8f-b0cb-1a3ee101826b
6b6726c4-eed6-40b6-84f7-aad0d8236479	\N	2026-04-13 07:12:46.007379+00	2026-04-13 07:12:46.007392+00	f604c69d-a1bc-48e8-92d3-da3a92488465	13c8b1af-b519-4926-b075-84865748a38d	2b9323ef-99ae-419f-b93c-feb998223fd0
fd832faf-63b5-4b64-b8f3-0240eff4d994	\N	2026-04-13 07:14:33.516475+00	2026-04-13 07:14:33.516484+00	4c956ef5-0b06-41af-a267-748d555cd00d	13c8b1af-b519-4926-b075-84865748a38d	5df5e493-d20a-417a-b667-b4e1330af678
2af43c9d-fcc5-428c-a115-c6508b2e8e0a	\N	2026-04-13 09:25:05.698446+00	2026-04-13 09:25:05.698463+00	82c21fe4-d684-4b1d-a538-8dde377fbdd3	13c8b1af-b519-4926-b075-84865748a38d	b99bb9c8-4616-4fec-9684-01a3d16e5716
88f054d3-3d93-47f1-a07b-69b38bad9141	\N	2026-04-13 15:06:22.279449+00	2026-04-13 15:06:22.279459+00	d7bf8927-b702-4798-8703-3a4931e799a6	e59f0ce8-c5b1-461c-a84c-6e219e0d5e63	b0c9ba3b-4f5c-465f-a6d3-808eff990c14
5fa49c61-afcc-445d-ae8d-c0de48cfef14	\N	2026-04-14 03:56:36.993623+00	2026-04-14 03:56:36.993633+00	16bfd58e-293b-484d-825e-250f694f838f	e59f0ce8-c5b1-461c-a84c-6e219e0d5e63	ab06214e-14c2-4ff6-a870-3c959da6e5e2
\.


--
-- Data for Name: pme_item; Type: TABLE DATA; Schema: public; Owner: itcadmin
--

COPY public.pme_item (id, code, name, description, target, start_date, end_date, status, created_at, updated_at, document_id, parent_id, unit_of_measure_id, template_node_type_id) FROM stdin;
0b58a532-af56-4c8e-b8c3-4fa7158f3f00	1.2.5.	By end 2022, all course syllabi are OBE-compliant with blended learning pedagogy	By end 2022, all course syllabi are OBE-compliant with blended learning pedagogy	100.00	2022-01-01	2022-12-31	1	2026-04-13 15:08:16.734794+00	2026-04-13 15:08:16.734803+00	efb3ba83-4f28-4974-9616-e623114055e6	59286442-2238-4319-8808-fd3fcf1bb65d	5c2219d4-438d-4527-81aa-55e478007553	6338b194-9a67-4e13-a68d-d7da970b1963
5e5fba17-003b-4c74-bf5d-5b31fa44fc30	1.3.1.	At the end of every calendar year, at least 70% of the UP Cebu graduates of that year are earning income, whether employed or as entrepreneurs, within six (6) months after their graduation	At the end of every calendar year, at least 70% of the UP Cebu graduates of that year are earning income, whether employed or as entrepreneurs, within six (6) months after their graduation	70.00	2021-01-01	2021-12-31	1	2026-04-13 15:13:45.276873+00	2026-04-13 15:14:11.776897+00	efb3ba83-4f28-4974-9616-e623114055e6	b4daa4b2-57d0-4df6-b05e-a058cd40dc42	5c2219d4-438d-4527-81aa-55e478007553	6338b194-9a67-4e13-a68d-d7da970b1963
01dff61a-ae22-4ace-8b8e-b4bf32ccb9b8	1.3.2	At least 10% of the UP Cebu graduates of 2022 to 2027 are assisting local, regional, or national government and non-government organizations across sectors in one form or another	At least 10% of the UP Cebu graduates of 2022 to 2027 are assisting local, regional, or national government and non-government organizations across sectors in one form or another	10.00	2022-01-01	2022-12-31	1	2026-04-13 15:15:14.557138+00	2026-04-13 15:15:14.557146+00	efb3ba83-4f28-4974-9616-e623114055e6	b4daa4b2-57d0-4df6-b05e-a058cd40dc42	5c2219d4-438d-4527-81aa-55e478007553	6338b194-9a67-4e13-a68d-d7da970b1963
e822b3fd-1900-4bfc-bac2-99bcaf7aded0	1.3.3.	At least 80% of employers are satisfied as verified through the conduct stakeholder satisfaction surveys	At least 80% of employers are satisfied as verified through the conduct stakeholder satisfaction surveys	80.00	2021-01-01	2021-12-31	1	2026-04-13 15:16:39.494585+00	2026-04-13 15:16:39.494596+00	efb3ba83-4f28-4974-9616-e623114055e6	b4daa4b2-57d0-4df6-b05e-a058cd40dc42	5c2219d4-438d-4527-81aa-55e478007553	6338b194-9a67-4e13-a68d-d7da970b1963
9b098feb-1295-4b7f-b1f0-b678b649cedd	1.3.4.	By 2027, at least 10% of the UP Cebu graduates are self-employed or providing employment	By 2027, at least 10% of the UP Cebu graduates are self-employed or providing employment	10.00	2027-01-01	2027-12-31	1	2026-04-13 15:17:45.001578+00	2026-04-13 15:17:45.001586+00	efb3ba83-4f28-4974-9616-e623114055e6	b4daa4b2-57d0-4df6-b05e-a058cd40dc42	5c2219d4-438d-4527-81aa-55e478007553	6338b194-9a67-4e13-a68d-d7da970b1963
6d18383c-8fb6-4287-95e6-8b466c288673	1.3.5.	Every year, the passing rate among UP Cebu graduates who undergo licensure exams is at least 90%	Every year, the passing rate among UP Cebu graduates who undergo licensure exams is at least 90%	90.00	2021-01-01	2021-12-31	1	2026-04-13 15:19:11.415092+00	2026-04-13 15:19:11.4151+00	efb3ba83-4f28-4974-9616-e623114055e6	b4daa4b2-57d0-4df6-b05e-a058cd40dc42	5c2219d4-438d-4527-81aa-55e478007553	6338b194-9a67-4e13-a68d-d7da970b1963
c965f7b4-d3f2-4de2-862a-ac97ba8d3e1e	1.4.	Increase the PhD profile among faculty to enhance academic staff qualification	Increase the PhD profile among faculty to enhance academic staff qualification	\N	\N	\N	1	2026-04-13 15:21:46.174331+00	2026-04-13 15:21:46.17434+00	efb3ba83-4f28-4974-9616-e623114055e6	2b735bbc-24e9-4bf5-9e1f-a9e49c166904	\N	6877fa1a-2b04-4124-881c-b9f3be04cd41
b4daa4b2-57d0-4df6-b05e-a058cd40dc42	1.3.	Produce innovative, nationalist, ethical, gender-sensitive, and socially responsible graduates who demonstrate academic excellence	Produce innovative, nationalist, ethical, gender-sensitive, and socially responsible graduates who demonstrate academic excellence	\N	\N	\N	1	2026-04-13 15:11:13.068+00	2026-04-13 15:21:59.396784+00	efb3ba83-4f28-4974-9616-e623114055e6	2b735bbc-24e9-4bf5-9e1f-a9e49c166904	\N	6877fa1a-2b04-4124-881c-b9f3be04cd41
1666205e-f022-417b-a4af-65366d00a2d9	1.1.2.	At the end of 2022, propose at least three (3) new graduate academic programs		3.00	2022-01-01	2022-12-31	1	2026-04-13 06:31:39.162936+00	2026-04-13 06:44:23.712215+00	efb3ba83-4f28-4974-9616-e623114055e6	b8f9dd30-0bdd-4615-9cb6-4a19b0adf638	cb8cb8fa-d59d-4727-8537-bef0a229e692	6338b194-9a67-4e13-a68d-d7da970b1963
c8bdf7e0-46b8-4b34-b9fc-147e65610253	1.1.1.	By AY 2021, institutionalize a new undergraduate academic program		1.00	2021-01-01	2021-12-31	1	2026-04-13 06:02:44.675823+00	2026-04-13 06:50:28.29735+00	efb3ba83-4f28-4974-9616-e623114055e6	b8f9dd30-0bdd-4615-9cb6-4a19b0adf638	cb8cb8fa-d59d-4727-8537-bef0a229e692	6338b194-9a67-4e13-a68d-d7da970b1963
b497dc2d-4dc7-4151-acc1-1c6b355272c5	1.4.1.	By 2021, 35% of UP Cebu faculty will have doctorate degrees	By 2021, 35% of UP Cebu faculty will have doctorate degrees	35.00	2021-01-01	2021-12-31	1	2026-04-13 15:23:16.40187+00	2026-04-13 15:23:16.401879+00	efb3ba83-4f28-4974-9616-e623114055e6	c965f7b4-d3f2-4de2-862a-ac97ba8d3e1e	5c2219d4-438d-4527-81aa-55e478007553	6338b194-9a67-4e13-a68d-d7da970b1963
11373417-8141-4ac2-a55f-3bd4c85d9522	1.4.2.	By 2024, 40% of UP Cebu faculty will have doctorate degrees	By 2024, 40% of UP Cebu faculty will have doctorate degrees	40.00	2024-01-01	2024-12-31	1	2026-04-13 15:24:18.435353+00	2026-04-13 15:24:18.435362+00	efb3ba83-4f28-4974-9616-e623114055e6	c965f7b4-d3f2-4de2-862a-ac97ba8d3e1e	5c2219d4-438d-4527-81aa-55e478007553	6338b194-9a67-4e13-a68d-d7da970b1963
b8f9dd30-0bdd-4615-9cb6-4a19b0adf638	1.1.	Propose and institutionalize new academic programs responsive to the needs of the region	Propose and institutionalize new academic programs responsive to the needs of the region	\N	2021-01-01	2021-12-31	1	2026-04-13 05:55:01.288051+00	2026-04-13 06:57:30.130783+00	efb3ba83-4f28-4974-9616-e623114055e6	2b735bbc-24e9-4bf5-9e1f-a9e49c166904	cb8cb8fa-d59d-4727-8537-bef0a229e692	6877fa1a-2b04-4124-881c-b9f3be04cd41
59286442-2238-4319-8808-fd3fcf1bb65d	1.2.	Upgrade existing curricular programs and course offerings to be strong, innovative, relevant and globally competitive		\N	\N	\N	1	2026-04-13 06:53:55.155597+00	2026-04-13 07:19:36.431075+00	efb3ba83-4f28-4974-9616-e623114055e6	2b735bbc-24e9-4bf5-9e1f-a9e49c166904	cb8cb8fa-d59d-4727-8537-bef0a229e692	6877fa1a-2b04-4124-881c-b9f3be04cd41
a2bfa944-615a-4bea-846b-7643cfcfb5a6	1.1.3	By AY 2024, all proposed programs would have been approved		3.00	2024-01-01	2024-12-31	1	2026-04-13 14:04:53.399688+00	2026-04-13 14:04:53.399705+00	efb3ba83-4f28-4974-9616-e623114055e6	b8f9dd30-0bdd-4615-9cb6-4a19b0adf638	cb8cb8fa-d59d-4727-8537-bef0a229e692	6338b194-9a67-4e13-a68d-d7da970b1963
6155a805-c3e0-49b8-a96f-224a57016455	1.2.1.	By 2022, perform internal review of all existing academic programs based on AUN-criteria (SAR)		7.00	2022-01-01	2022-12-31	1	2026-04-13 14:33:15.539505+00	2026-04-13 14:33:15.539514+00	efb3ba83-4f28-4974-9616-e623114055e6	59286442-2238-4319-8808-fd3fcf1bb65d	cb8cb8fa-d59d-4727-8537-bef0a229e692	6338b194-9a67-4e13-a68d-d7da970b1963
670995ad-0b05-46ba-9e14-9000d82bf6c9	1.2.2.	Revise at least one existing graduate academic program per year from 2023 to 2026		1.00	2023-01-01	2023-12-31	1	2026-04-13 14:38:55.378203+00	2026-04-13 14:38:55.37821+00	efb3ba83-4f28-4974-9616-e623114055e6	59286442-2238-4319-8808-fd3fcf1bb65d	cb8cb8fa-d59d-4727-8537-bef0a229e692	6338b194-9a67-4e13-a68d-d7da970b1963
2b735bbc-24e9-4bf5-9e1f-a9e49c166904	1.	ACADEMIC EXCELLENCE	Academic Excellence	\N	2021-01-01	2021-12-31	1	2026-04-13 05:55:41.872903+00	2026-04-13 14:41:40.136346+00	efb3ba83-4f28-4974-9616-e623114055e6	\N	cb8cb8fa-d59d-4727-8537-bef0a229e692	10cceea4-7539-4995-982b-de14c9d44ec8
29da1284-bd6d-448f-adc5-01c32d2d42ac	1.2.3.	Revise at least one existing undergraduate academic program per year from 2023 to 2027	Revise at least one existing undergraduate academic program per year from 2023 to 2027	1.00	2023-01-01	2023-12-31	1	2026-04-13 15:02:43.063112+00	2026-04-13 15:02:43.06312+00	efb3ba83-4f28-4974-9616-e623114055e6	59286442-2238-4319-8808-fd3fcf1bb65d	cb8cb8fa-d59d-4727-8537-bef0a229e692	6338b194-9a67-4e13-a68d-d7da970b1963
fe51f61c-e8ca-43b0-95dc-f387aaced1a1	1.2.4.	By end 2021, at least 70% of course syllabi are compliant with outcomes-based education (OBE) with blended learning approach	By end 2021, at least 70% of course syllabi are compliant with outcomes-based education (OBE) with blended learning approach	70.00	2021-01-01	2021-12-31	1	2026-04-13 15:03:57.247946+00	2026-04-13 15:03:57.247956+00	efb3ba83-4f28-4974-9616-e623114055e6	59286442-2238-4319-8808-fd3fcf1bb65d	5c2219d4-438d-4527-81aa-55e478007553	6338b194-9a67-4e13-a68d-d7da970b1963
8a77da60-56c2-4e5d-aef4-bb37074c2681	1.4.3.	By 2027, 45% of UP Cebu faculty will have doctorate degrees	By 2027, 45% of UP Cebu faculty will have doctorate degrees	45.00	2027-01-01	2027-12-31	1	2026-04-13 15:25:15.527219+00	2026-04-13 15:25:35.40308+00	efb3ba83-4f28-4974-9616-e623114055e6	c965f7b4-d3f2-4de2-862a-ac97ba8d3e1e	5c2219d4-438d-4527-81aa-55e478007553	6338b194-9a67-4e13-a68d-d7da970b1963
fc7ef535-84f5-45d4-8f33-b65843c11b29	1.5.	Enhance teaching performance	Enhance teaching performance	\N	\N	\N	1	2026-04-13 15:26:12.134016+00	2026-04-13 15:26:12.134024+00	efb3ba83-4f28-4974-9616-e623114055e6	2b735bbc-24e9-4bf5-9e1f-a9e49c166904	\N	6877fa1a-2b04-4124-881c-b9f3be04cd41
d56d32ea-8d50-4f0a-96da-dcd995a5e619	1.5.1.	At the end of AY 2021-2022, 2022-2023, 70% of UP Cebu faculty will be rated by students as very good to excellent	At the end of AY 2021-2022, 2022-2023, 70% of UP Cebu faculty will be rated by students as very good to excellent	70.00	2021-01-01	2021-12-31	1	2026-04-13 15:27:04.039281+00	2026-04-13 15:27:04.039292+00	efb3ba83-4f28-4974-9616-e623114055e6	fc7ef535-84f5-45d4-8f33-b65843c11b29	5c2219d4-438d-4527-81aa-55e478007553	6338b194-9a67-4e13-a68d-d7da970b1963
d0c70f49-86a1-453a-b0ac-7fef6aea7c7e	1	Higher Education Program	Higher Education Program	\N	\N	\N	1	2026-04-13 15:32:31.939282+00	2026-04-13 15:32:31.939292+00	bf77d1c9-99da-4e7c-8829-e93a32975fae	\N	\N	1f3ff384-32fd-45ff-ac21-7803360e5901
63a4d2b3-8a19-458e-a05e-9636d885b9c4	1.5.2.	At the end of AY 2023-2024, 2024-2025, 75% of UP Cebu faculty will be rated by students as very good to excellent	At the end of AY 2023-2024, 2024-2025, 75% of UP Cebu faculty will be rated by students as very good to excellent	75.00	2023-01-01	2023-12-31	1	2026-04-13 15:42:31.850187+00	2026-04-13 15:42:31.850197+00	efb3ba83-4f28-4974-9616-e623114055e6	fc7ef535-84f5-45d4-8f33-b65843c11b29	5c2219d4-438d-4527-81aa-55e478007553	6338b194-9a67-4e13-a68d-d7da970b1963
6c2b8533-8bd3-4fda-a8df-4d7df2f01aad	1.5.3.	At the end of AY 2025-2026, 2026-2027, 85% of UP Cebu faculty will be rated by students as very good to excellent	At the end of AY 2025-2026, 2026-2027, 85% of UP Cebu faculty will be rated by students as very good to excellent	85.00	2025-01-01	2025-12-31	1	2026-04-13 15:43:40.525994+00	2026-04-13 15:43:40.526004+00	efb3ba83-4f28-4974-9616-e623114055e6	fc7ef535-84f5-45d4-8f33-b65843c11b29	5c2219d4-438d-4527-81aa-55e478007553	6338b194-9a67-4e13-a68d-d7da970b1963
0c6f4bae-179b-401e-9273-ee8f625c5bdf	1.6.	Raise UP CebuΓÇÖs academic excellence standing	Raise UP CebuΓÇÖs academic excellence standing	\N	\N	\N	1	2026-04-13 15:45:06.913825+00	2026-04-13 15:45:24.050739+00	efb3ba83-4f28-4974-9616-e623114055e6	2b735bbc-24e9-4bf5-9e1f-a9e49c166904	\N	6877fa1a-2b04-4124-881c-b9f3be04cd41
da0c1705-834c-46d7-85ca-ada2f3fb255a	1.6.1.	By 2024, submit for external review of at least two (2) existing academic programs	By 2024, submit for external review of at least two (2) existing academic programs	2.00	2024-01-01	2024-12-31	1	2026-04-13 15:48:07.612036+00	2026-04-13 15:48:07.612046+00	efb3ba83-4f28-4974-9616-e623114055e6	0c6f4bae-179b-401e-9273-ee8f625c5bdf	cb8cb8fa-d59d-4727-8537-bef0a229e692	6338b194-9a67-4e13-a68d-d7da970b1963
6dcf8a83-0da8-4a11-97cf-8c4ad40837a2	1.6.2.	By 2027, at least five (5) total academic programs will be assessed externally	By 2027, at least five (5) total academic programs will be assessed externally	5.00	2027-01-01	2027-12-31	1	2026-04-13 15:50:24.269577+00	2026-04-13 15:50:24.269585+00	efb3ba83-4f28-4974-9616-e623114055e6	0c6f4bae-179b-401e-9273-ee8f625c5bdf	cb8cb8fa-d59d-4727-8537-bef0a229e692	6338b194-9a67-4e13-a68d-d7da970b1963
2a44623f-fa30-4053-835c-6c47eda9d559	1.6.3.	By 2025, UP Cebu will have two centers of excellence (COE) and one center of development (COD)	By 2025, UP Cebu will have two centers of excellence (COE) and one center of development (COD)	3.00	2025-01-01	2025-12-31	1	2026-04-13 15:55:28.956822+00	2026-04-13 15:55:28.956831+00	efb3ba83-4f28-4974-9616-e623114055e6	0c6f4bae-179b-401e-9273-ee8f625c5bdf	cb8cb8fa-d59d-4727-8537-bef0a229e692	6338b194-9a67-4e13-a68d-d7da970b1963
a1f8c572-65dc-42bf-81e1-a3bfda5b84f1	2.1.	Increase the number of UPCAT takers choosing UP Cebu and UP Cebu graduate program applicants to provide greater access to the best and brightest students regardless of economic status	Increase the number of UPCAT takers choosing UP Cebu and UP Cebu graduate program applicants to provide greater access to the best and brightest students regardless of economic status	\N	\N	\N	1	2026-04-13 15:59:05.253404+00	2026-04-13 15:59:05.253418+00	efb3ba83-4f28-4974-9616-e623114055e6	28f6a326-5145-4829-a9e7-a6a81d7aa621	\N	6338b194-9a67-4e13-a68d-d7da970b1963
14363753-f437-4f38-9078-f0a42b2530ec	2.1.1	For every academic year, there will be a 10% increase in the number of UPCAT takers choosing UP Cebu	For every academic year, there will be a 10% increase in the number of UPCAT takers choosing UP Cebu	10.00	2021-01-01	2021-12-31	1	2026-04-13 15:59:56.792655+00	2026-04-13 15:59:56.792664+00	efb3ba83-4f28-4974-9616-e623114055e6	a1f8c572-65dc-42bf-81e1-a3bfda5b84f1	5c2219d4-438d-4527-81aa-55e478007553	6338b194-9a67-4e13-a68d-d7da970b1963
c28dcac5-4499-4ce5-83ae-ca6c94d5b5fa	2.1.2.	For every academic year, there will be a 5% increase in the number of UPCAT qualifiers choosing UP Cebu and will graduate from UP Cebu	For every academic year, there will be a 5% increase in the number of UPCAT qualifiers choosing UP Cebu and will graduate from UP Cebu	5.00	2021-01-01	2021-12-31	1	2026-04-13 16:01:19.596638+00	2026-04-13 16:01:19.596647+00	efb3ba83-4f28-4974-9616-e623114055e6	a1f8c572-65dc-42bf-81e1-a3bfda5b84f1	5c2219d4-438d-4527-81aa-55e478007553	6338b194-9a67-4e13-a68d-d7da970b1963
f16da057-c6bb-42c4-9cee-d7c7a6252383	2.1.3.	For every academic year, there will be a 5% increase in the number of UP Cebu graduate program applicants	For every academic year, there will be a 5% increase in the number of UP Cebu graduate program applicants	5.00	2021-01-01	2021-12-31	1	2026-04-13 16:02:31.522621+00	2026-04-13 16:02:31.522629+00	efb3ba83-4f28-4974-9616-e623114055e6	a1f8c572-65dc-42bf-81e1-a3bfda5b84f1	5c2219d4-438d-4527-81aa-55e478007553	6338b194-9a67-4e13-a68d-d7da970b1963
31618f5c-ba1a-45bf-87dd-43b4a7aa6119	2.2.	Expand need-based scholarships for more students and increase financial, food, housing and other assistance to promote students welfare	Expand need-based scholarships for more students and increase financial, food, housing and other assistance to promote students welfare	\N	\N	\N	1	2026-04-13 16:03:28.658876+00	2026-04-13 16:03:28.658885+00	efb3ba83-4f28-4974-9616-e623114055e6	28f6a326-5145-4829-a9e7-a6a81d7aa621	\N	6877fa1a-2b04-4124-881c-b9f3be04cd41
66fb04c1-d903-4324-b284-52c90b465c90	2.2.1.	By 2021, 30% of UP Cebu students will have scholarships or grant assistance	By 2021, 30% of UP Cebu students will have scholarships or grant assistance	30.00	2021-01-01	2021-12-31	1	2026-04-13 16:04:56.547099+00	2026-04-13 16:04:56.547108+00	efb3ba83-4f28-4974-9616-e623114055e6	31618f5c-ba1a-45bf-87dd-43b4a7aa6119	5c2219d4-438d-4527-81aa-55e478007553	6338b194-9a67-4e13-a68d-d7da970b1963
f5285bea-2f61-47e2-8108-7ac7ce5ea379	2.2.2.	From 2024 to 2027, 100% of those needing assistance will be provided support (e.g., financial, food, and housing)	From 2024 to 2027, 100% of those needing assistance will be provided support (e.g., financial, food, and housing)	100.00	2024-01-01	2024-12-31	1	2026-04-13 16:05:41.958815+00	2026-04-13 16:05:41.958865+00	efb3ba83-4f28-4974-9616-e623114055e6	31618f5c-ba1a-45bf-87dd-43b4a7aa6119	5c2219d4-438d-4527-81aa-55e478007553	6338b194-9a67-4e13-a68d-d7da970b1963
aa8f1efa-01fa-4134-83e3-02e0a276c357	2.3.	Institutionalize online applications	Institutionalize online applications	\N	\N	\N	1	2026-04-13 16:06:42.238315+00	2026-04-13 16:06:42.238324+00	efb3ba83-4f28-4974-9616-e623114055e6	28f6a326-5145-4829-a9e7-a6a81d7aa621	\N	6877fa1a-2b04-4124-881c-b9f3be04cd41
33ade07b-41b1-499b-add8-9a008d0e47a1	2.3.1.	By 2021, UP Cebu will have an online application for its graduate programs	By 2021, UP Cebu will have an online application for its graduate programs	1.00	2021-01-01	2021-12-31	1	2026-04-13 16:07:51.979005+00	2026-04-13 16:07:51.979013+00	efb3ba83-4f28-4974-9616-e623114055e6	aa8f1efa-01fa-4134-83e3-02e0a276c357	cb8cb8fa-d59d-4727-8537-bef0a229e692	6338b194-9a67-4e13-a68d-d7da970b1963
d4148202-5388-4c6d-be7b-62a2195d5da7	3.	PIONEERING RESEARCH AND CREATIVE TECHNOLOGIES	PIONEERING RESEARCH AND CREATIVE TECHNOLOGIES	\N	\N	\N	1	2026-04-13 16:09:27.53965+00	2026-04-13 16:09:27.53966+00	efb3ba83-4f28-4974-9616-e623114055e6	\N	\N	10cceea4-7539-4995-982b-de14c9d44ec8
a94e7b05-8cd8-42b0-bb2c-935db53cae7c	3.1.a	Increase research output	Increase research output	\N	\N	\N	1	2026-04-13 16:10:37.176019+00	2026-04-13 16:10:37.176029+00	efb3ba83-4f28-4974-9616-e623114055e6	d4148202-5388-4c6d-be7b-62a2195d5da7	\N	6877fa1a-2b04-4124-881c-b9f3be04cd41
f9dab602-cafb-4669-91f8-7c75ef8e8462	3.1.a.1	From 2021 to 2024, UP Cebu will start 60 research projects	From 2021 to 2024, UP Cebu will start 60 research projects	60.00	2021-01-01	2021-12-31	1	2026-04-13 16:12:06.599985+00	2026-04-13 16:12:06.599994+00	efb3ba83-4f28-4974-9616-e623114055e6	a94e7b05-8cd8-42b0-bb2c-935db53cae7c	cb8cb8fa-d59d-4727-8537-bef0a229e692	6338b194-9a67-4e13-a68d-d7da970b1963
dae3e473-2eb8-4cc8-904e-466934a10f0e	3.1.a.2	From 2025 to 2027, UP Cebu will start 80 research projects	From 2025 to 2027, UP Cebu will start 80 research projects	80.00	2025-01-01	2025-12-31	1	2026-04-13 16:13:32.335298+00	2026-04-13 16:13:32.335307+00	efb3ba83-4f28-4974-9616-e623114055e6	a94e7b05-8cd8-42b0-bb2c-935db53cae7c	cb8cb8fa-d59d-4727-8537-bef0a229e692	6338b194-9a67-4e13-a68d-d7da970b1963
471e8f31-3484-48b8-94c5-91b1b41b4f65	3.1.a.3	Every year from 2021 to 2024, UP Cebu will complete 15 research outputs	Every year from 2021 to 2024, UP Cebu will complete 15 research outputs	15.00	2021-01-01	2021-12-31	1	2026-04-13 16:14:19.983427+00	2026-04-13 16:14:19.983435+00	efb3ba83-4f28-4974-9616-e623114055e6	a94e7b05-8cd8-42b0-bb2c-935db53cae7c	cb8cb8fa-d59d-4727-8537-bef0a229e692	6338b194-9a67-4e13-a68d-d7da970b1963
69bacc37-7443-48cd-8bcc-82012f0428d9	3.1.a.4	Every year from 2025 to 2027, UP Cebu will complete 25 research outputs	Every year from 2025 to 2027, UP Cebu will complete 25 research outputs	25.00	2025-01-01	2025-12-31	1	2026-04-13 16:15:20.364987+00	2026-04-13 16:15:20.364995+00	efb3ba83-4f28-4974-9616-e623114055e6	a94e7b05-8cd8-42b0-bb2c-935db53cae7c	cb8cb8fa-d59d-4727-8537-bef0a229e692	6338b194-9a67-4e13-a68d-d7da970b1963
a610453a-73bf-428e-b0bd-783f8a4c16a6	1.2.1	Percentage of graduates (2 years prior) who are employed	Percentage of graduates (2 years prior) who are employed	83.00	\N	\N	1	2026-04-13 16:20:10.075051+00	2026-04-13 16:20:10.075061+00	bf77d1c9-99da-4e7c-8829-e93a32975fae	1f8edec8-465c-4438-9887-8de008957cb9	5c2219d4-438d-4527-81aa-55e478007553	4245129f-3aee-40c7-abe7-dce6d185dd6b
3be9f7eb-0291-4095-9d0f-5536d5be46a4	1.1.	Outcome Indicator 1 (HEP)	Outcome Indicator 1	\N	\N	\N	1	2026-04-13 16:17:26.956736+00	2026-04-13 16:32:32.419557+00	bf77d1c9-99da-4e7c-8829-e93a32975fae	d0c70f49-86a1-453a-b0ac-7fef6aea7c7e	\N	28c9d00c-28d0-4999-bef0-4aab1a73d187
91c67de8-5cee-4b49-974e-1edcf0630284	1.3.1	Percentage of undergraduate student population enrolled in CHED-identified and RDC-identified priority programs	Percentage of undergraduate student population enrolled in CHED-identified and RDC-identified priority programs	42.00	\N	\N	1	2026-04-13 16:21:39.593123+00	2026-04-13 16:24:23.898223+00	bf77d1c9-99da-4e7c-8829-e93a32975fae	33a06d9c-4a2c-44e3-9fe8-75c99917e05b	5c2219d4-438d-4527-81aa-55e478007553	4245129f-3aee-40c7-abe7-dce6d185dd6b
8b39e7c7-f27a-48f0-aafd-5f72849f0190	2.	Advanced Education Program	Advanced Education Program	\N	\N	\N	1	2026-04-13 16:27:12.816808+00	2026-04-13 16:27:12.816816+00	bf77d1c9-99da-4e7c-8829-e93a32975fae	\N	\N	1f3ff384-32fd-45ff-ac21-7803360e5901
a5ce1219-36d4-4dec-a734-9abf56ea1bca	2.1.	Outcome Indicator 1 (AEP)	Outcome Indicator 1 (AEP)	\N	\N	\N	1	2026-04-13 16:27:58.762313+00	2026-04-13 16:33:01.385232+00	bf77d1c9-99da-4e7c-8829-e93a32975fae	8b39e7c7-f27a-48f0-aafd-5f72849f0190	\N	28c9d00c-28d0-4999-bef0-4aab1a73d187
33a06d9c-4a2c-44e3-9fe8-75c99917e05b	1.3.	Output Indicator 1 (HEP)	Output Indicator 1 (HEP)	\N	\N	\N	1	2026-04-13 16:23:50.884299+00	2026-04-13 16:32:10.748492+00	bf77d1c9-99da-4e7c-8829-e93a32975fae	d0c70f49-86a1-453a-b0ac-7fef6aea7c7e	\N	28c9d00c-28d0-4999-bef0-4aab1a73d187
1f8edec8-465c-4438-9887-8de008957cb9	1.2.	Outcome Indicator 2 (HEP)	Outcome Indicator 2 (HEP)	\N	\N	\N	1	2026-04-13 16:19:14.562507+00	2026-04-13 16:32:26.032891+00	bf77d1c9-99da-4e7c-8829-e93a32975fae	d0c70f49-86a1-453a-b0ac-7fef6aea7c7e	\N	28c9d00c-28d0-4999-bef0-4aab1a73d187
28f6a326-5145-4829-a9e7-a6a81d7aa621	2.	ACCESSIBLE QUALITY EDUCATION	ACCESSIBLE QUALITY EDUCATION	\N	\N	\N	1	2026-04-13 15:58:14.020932+00	2026-04-13 18:11:55.771697+00	efb3ba83-4f28-4974-9616-e623114055e6	\N	\N	10cceea4-7539-4995-982b-de14c9d44ec8
5dbc0bc8-5f1e-4e2e-9b72-f24d03bba9e7	2.1.1	Percentage of graduate school faculty engaged in research work applied in any of the following: a.) pursuing advanced research degree programs (Ph.D.), or b.) actively pursuing within the last three (3) years (investigative research, basic and applied sci	Percentage of graduate school faculty engaged in research work applied in any of the following: a.) pursuing advanced research degree programs (Ph.D.), or b.) actively pursuing within the last three (3) years (investigative research, basic and applied scientific research, policy research, social science research), or c.) producing technologies for commercialization or livelihood improvement, or d.) whose research work resulted in an extension program.	50.00	\N	\N	1	2026-04-13 16:29:25.436637+00	2026-04-13 16:29:25.436646+00	bf77d1c9-99da-4e7c-8829-e93a32975fae	a5ce1219-36d4-4dec-a734-9abf56ea1bca	5c2219d4-438d-4527-81aa-55e478007553	4245129f-3aee-40c7-abe7-dce6d185dd6b
3344f895-a6c4-4d86-af7d-bd3ff12b349a	2.2.1.	Percentage of graduate students enrolled in research degree programs	Percentage of graduate students enrolled in research degree programs	11.00	\N	\N	1	2026-04-13 16:31:09.574138+00	2026-04-13 16:31:09.574147+00	bf77d1c9-99da-4e7c-8829-e93a32975fae	16706da4-8818-4966-a129-8a334eb2b30e	5c2219d4-438d-4527-81aa-55e478007553	4245129f-3aee-40c7-abe7-dce6d185dd6b
16706da4-8818-4966-a129-8a334eb2b30e	2.2.	Output Indicator 1 (AEP)	Output Indicator 1 (AEP)	\N	\N	\N	1	2026-04-13 16:30:17.718647+00	2026-04-13 16:33:14.009308+00	bf77d1c9-99da-4e7c-8829-e93a32975fae	8b39e7c7-f27a-48f0-aafd-5f72849f0190	\N	28c9d00c-28d0-4999-bef0-4aab1a73d187
547bcffa-2e6c-4752-8429-35e0b53b4728	3.1.a.5	By 2024, two (2) colleges will have research and/or creative development centers	By 2024, two (2) colleges will have research and/or creative development centers	2.00	2024-01-01	2024-12-31	1	2026-04-13 17:59:05.156048+00	2026-04-13 17:59:05.156057+00	efb3ba83-4f28-4974-9616-e623114055e6	d4148202-5388-4c6d-be7b-62a2195d5da7	cb8cb8fa-d59d-4727-8537-bef0a229e692	6338b194-9a67-4e13-a68d-d7da970b1963
974a4c74-5f0f-4f75-bc49-d5c808d21e98	3.1.b.	Disseminate research that is relevant to the province, country, and Asia	Disseminate research that is relevant to the province, country, and Asia	\N	\N	\N	1	2026-04-13 18:02:00.379217+00	2026-04-13 18:02:00.379225+00	efb3ba83-4f28-4974-9616-e623114055e6	d4148202-5388-4c6d-be7b-62a2195d5da7	\N	6877fa1a-2b04-4124-881c-b9f3be04cd41
b15a709e-9912-4738-8d23-4fabafd12a3d	3.1.b.1.	By 2021, each college will update its website to reflect the faculty profile, including researches and publications/creative work, with possible digital access to the work	By 2021, each college will update its website to reflect the faculty profile, including researches and publications/creative work, with possible digital access to the work	4.00	2021-01-01	2021-12-31	1	2026-04-13 18:04:09.435332+00	2026-04-13 18:04:09.43534+00	efb3ba83-4f28-4974-9616-e623114055e6	974a4c74-5f0f-4f75-bc49-d5c808d21e98	cb8cb8fa-d59d-4727-8537-bef0a229e692	6338b194-9a67-4e13-a68d-d7da970b1963
552b8905-2b1e-4704-b458-afdfa13e8479	3.1.b.2.	By 2021, UP Cebu will host an international conference that addresses the university research agenda	By 2021, UP Cebu will host an international conference that addresses the university research agenda	1.00	2021-01-01	2021-12-31	1	2026-04-13 18:05:34.583566+00	2026-04-13 18:05:34.583575+00	efb3ba83-4f28-4974-9616-e623114055e6	974a4c74-5f0f-4f75-bc49-d5c808d21e98	cb8cb8fa-d59d-4727-8537-bef0a229e692	6338b194-9a67-4e13-a68d-d7da970b1963
b3923d25-01d4-40c1-a686-ed748059886e	3.1.b.3.	By 2024, UP Cebu will host two (2) international conferences. The theme will be determined after the identification of needs of stakeholders	By 2024, UP Cebu will host two (2) international conferences. The theme will be determined after the identification of needs of stakeholders	2.00	2024-01-01	2024-12-31	1	2026-04-13 18:06:24.980462+00	2026-04-13 18:06:24.98047+00	efb3ba83-4f28-4974-9616-e623114055e6	974a4c74-5f0f-4f75-bc49-d5c808d21e98	cb8cb8fa-d59d-4727-8537-bef0a229e692	6338b194-9a67-4e13-a68d-d7da970b1963
72b96b3f-6d57-43ca-9afc-82fb6b6959fa	3.1.b.4.	From 2021 to 2024, at least 30% of faculty members have presented research in academic conferences	From 2021 to 2024, at least 30% of faculty members have presented research in academic conferences	30.00	2021-01-01	2021-12-31	1	2026-04-13 18:07:37.053353+00	2026-04-13 18:07:37.053362+00	efb3ba83-4f28-4974-9616-e623114055e6	974a4c74-5f0f-4f75-bc49-d5c808d21e98	5c2219d4-438d-4527-81aa-55e478007553	6338b194-9a67-4e13-a68d-d7da970b1963
795838bc-3d9d-4d3c-b680-45d9cdb603fc	3.1.b.5.	From 2021 to 2027, at least 60% of faculty members have presented research in academic conferences	From 2021 to 2027, at least 60% of faculty members have presented research in academic conferences	60.00	2021-01-01	2021-12-31	1	2026-04-13 18:09:03.374885+00	2026-04-13 18:09:03.374893+00	efb3ba83-4f28-4974-9616-e623114055e6	974a4c74-5f0f-4f75-bc49-d5c808d21e98	5c2219d4-438d-4527-81aa-55e478007553	6338b194-9a67-4e13-a68d-d7da970b1963
0d5345c4-e03e-4893-9dde-91539ee9b125	3.1.c.	Increase the number of high-quality publication and creative work	Increase the number of high-quality publication and creative work	\N	\N	\N	1	2026-04-13 18:10:23.338762+00	2026-04-13 18:10:23.33877+00	efb3ba83-4f28-4974-9616-e623114055e6	d4148202-5388-4c6d-be7b-62a2195d5da7	\N	6877fa1a-2b04-4124-881c-b9f3be04cd41
4d0d261b-13a5-419a-93b3-8b11f60e0dc1	3.1.c.1.	By 2021, 50% of UP Cebu faculty will publish in high-impact journals or exhibit creative works	By 2021, 50% of UP Cebu faculty will publish in high-impact journals or exhibit creative works	50.00	2021-01-01	2021-12-31	1	2026-04-13 18:11:20.92227+00	2026-04-13 18:11:20.92228+00	efb3ba83-4f28-4974-9616-e623114055e6	0d5345c4-e03e-4893-9dde-91539ee9b125	5c2219d4-438d-4527-81aa-55e478007553	6338b194-9a67-4e13-a68d-d7da970b1963
546c1ffe-0e34-4c21-abdf-ae40cd55884b	3.1.c.2.	By 2024, 60% of UP Cebu faculty will publish in high-impact journals or exhibit creative works	By 2024, 60% of UP Cebu faculty will publish in high-impact journals or exhibit creative works	60.00	2024-01-01	2024-12-31	1	2026-04-13 18:13:08.158872+00	2026-04-13 18:13:08.158881+00	efb3ba83-4f28-4974-9616-e623114055e6	0d5345c4-e03e-4893-9dde-91539ee9b125	5c2219d4-438d-4527-81aa-55e478007553	6338b194-9a67-4e13-a68d-d7da970b1963
9fa6fdd2-b80a-4daa-bca8-d977ae62b7ca	3.1.c.3.	By 2027, 70% of UP Cebu faculty will publish in high-impact journals or exhibit creative works	By 2027, 70% of UP Cebu faculty will publish in high-impact journals or exhibit creative works	70.00	2027-01-01	2027-12-31	1	2026-04-13 18:13:52.715599+00	2026-04-13 18:13:52.715609+00	efb3ba83-4f28-4974-9616-e623114055e6	0d5345c4-e03e-4893-9dde-91539ee9b125	5c2219d4-438d-4527-81aa-55e478007553	6338b194-9a67-4e13-a68d-d7da970b1963
8e8291b6-f67f-4e37-99ce-f512b5c05e45	3.1.c.4.	Every year from 2021 to 2027, UP Cebu will publish or exhibit at least 15 research papers or creative works	Every year from 2021 to 2027, UP Cebu will publish or exhibit at least 15 research papers or creative works	15.00	2021-01-01	2021-12-31	1	2026-04-13 18:14:40.97496+00	2026-04-13 18:14:40.974974+00	efb3ba83-4f28-4974-9616-e623114055e6	0d5345c4-e03e-4893-9dde-91539ee9b125	cb8cb8fa-d59d-4727-8537-bef0a229e692	6338b194-9a67-4e13-a68d-d7da970b1963
b50a7b27-9116-4d66-b2f0-42fdbd143efd	3.1.c.5.	By 2022, UP Cebu will release its first e-journal issue	By 2022, UP Cebu will release its first e-journal issue	1.00	2022-01-01	2022-12-31	1	2026-04-13 18:15:36.110645+00	2026-04-13 18:15:36.110654+00	efb3ba83-4f28-4974-9616-e623114055e6	0d5345c4-e03e-4893-9dde-91539ee9b125	cb8cb8fa-d59d-4727-8537-bef0a229e692	6338b194-9a67-4e13-a68d-d7da970b1963
c1a60c23-b684-415a-9fda-c770a7c2112e	3.1.c.6.	By 2025, UP Cebu will release two (2) issues per year	By 2025, UP Cebu will release two (2) issues per year	2.00	2025-01-01	2025-12-31	1	2026-04-13 18:17:52.328374+00	2026-04-13 18:17:52.328383+00	efb3ba83-4f28-4974-9616-e623114055e6	0d5345c4-e03e-4893-9dde-91539ee9b125	cb8cb8fa-d59d-4727-8537-bef0a229e692	6338b194-9a67-4e13-a68d-d7da970b1963
52e70d71-d45a-49db-aa67-65fa2396855c	3.1.c.7.	At the end of every year from 2021 to 2026, UP Cebu will have at least three (3) international publication award (IPA) for every year	At the end of every year from 2021 to 2026, UP Cebu will have at least three (3) international publication award (IPA) for every year	3.00	2021-01-01	2021-12-31	1	2026-04-13 18:18:41.290143+00	2026-04-13 18:18:41.290152+00	efb3ba83-4f28-4974-9616-e623114055e6	0d5345c4-e03e-4893-9dde-91539ee9b125	cb8cb8fa-d59d-4727-8537-bef0a229e692	6338b194-9a67-4e13-a68d-d7da970b1963
782ae28d-465a-4f0f-9e18-c94c06e6f476	3.1.d.	Increase utilization of research outputs and publications/creative work by the government, industry, and the public	Increase utilization of research outputs and publications/creative work by the government, industry, and the public	\N	\N	\N	1	2026-04-13 18:20:05.341512+00	2026-04-13 18:20:05.34152+00	efb3ba83-4f28-4974-9616-e623114055e6	d4148202-5388-4c6d-be7b-62a2195d5da7	\N	6877fa1a-2b04-4124-881c-b9f3be04cd41
7afd5a25-692c-4246-a09a-8f1663bb45d7	3.1.d.1.	By 2024, UP Cebu will increase the number of active partnerships with local government units (LGUs), industries, NGOs, NGAs, SMEs, and other stakeholders	By 2024, UP Cebu will increase the number of active partnerships with local government units (LGUs), industries, NGOs, NGAs, SMEs, and other stakeholders	1.00	2024-01-01	2024-12-31	1	2026-04-13 18:21:26.879221+00	2026-04-13 18:21:26.879229+00	efb3ba83-4f28-4974-9616-e623114055e6	782ae28d-465a-4f0f-9e18-c94c06e6f476	cb8cb8fa-d59d-4727-8537-bef0a229e692	6338b194-9a67-4e13-a68d-d7da970b1963
dcee6be2-890d-4236-9ce8-097a1632df0c	3.1.d.2.	At the end of every year, from 2021 to 2027, UP Cebu will increase its research publication citations by 5% annually based on Google Scholar statistics	At the end of every year, from 2021 to 2027, UP Cebu will increase its research publication citations by 5% annually based on Google Scholar statistics	5.00	2021-01-01	2021-12-31	1	2026-04-13 18:22:22.757668+00	2026-04-13 18:22:22.757677+00	efb3ba83-4f28-4974-9616-e623114055e6	782ae28d-465a-4f0f-9e18-c94c06e6f476	5c2219d4-438d-4527-81aa-55e478007553	6338b194-9a67-4e13-a68d-d7da970b1963
10c8d036-31d0-4cd4-a39f-575a6768641e	3.2.1.	Every year, UP Cebu will conduct exhibits for creative works and ensure 100% utilization of the Jose Joya Gallery	Every year, UP Cebu will conduct exhibits for creative works and ensure 100% utilization of the Jose Joya Gallery	100.00	2021-01-01	2021-12-31	1	2026-04-13 18:24:10.511363+00	2026-04-13 18:24:10.511373+00	efb3ba83-4f28-4974-9616-e623114055e6	e9015377-bb59-41bf-97ed-3f1ab7235c44	5c2219d4-438d-4527-81aa-55e478007553	6338b194-9a67-4e13-a68d-d7da970b1963
766bc3e3-389a-4536-a340-17b5ec7182af	3.2.2.	Every year, UP Cebu will be active in the community art scene through the annual hosting of Arts and Design Fairs	Every year, UP Cebu will be active in the community art scene through the annual hosting of Arts and Design Fairs	1.00	2021-01-01	2021-12-31	1	2026-04-13 18:25:11.258761+00	2026-04-13 18:25:11.258769+00	efb3ba83-4f28-4974-9616-e623114055e6	e9015377-bb59-41bf-97ed-3f1ab7235c44	cb8cb8fa-d59d-4727-8537-bef0a229e692	6338b194-9a67-4e13-a68d-d7da970b1963
28a8d0d5-691e-496f-8bb8-5c65b66522c9	3.2.3.	By 2024, UP Cebu will establish the Center for Visayan Art and Culture which will also house the Jose Joya Gallery	By 2024, UP Cebu will establish the Center for Visayan Art and Culture which will also house the Jose Joya Gallery	1.00	2024-01-01	2024-12-31	1	2026-04-13 18:26:26.468137+00	2026-04-13 18:26:26.468145+00	efb3ba83-4f28-4974-9616-e623114055e6	e9015377-bb59-41bf-97ed-3f1ab7235c44	cb8cb8fa-d59d-4727-8537-bef0a229e692	6338b194-9a67-4e13-a68d-d7da970b1963
994a9c86-8c57-4088-897b-ed99319b8ca2	3.2.4.	By 2026, the CCAD building will house a Product Design Gallery and Cinematheque for local and international films	By 2026, the CCAD building will house a Product Design Gallery and Cinematheque for local and international films	2.00	2026-01-01	2026-12-31	1	2026-04-13 18:27:29.293175+00	2026-04-13 18:27:29.293184+00	efb3ba83-4f28-4974-9616-e623114055e6	e9015377-bb59-41bf-97ed-3f1ab7235c44	cb8cb8fa-d59d-4727-8537-bef0a229e692	6338b194-9a67-4e13-a68d-d7da970b1963
677da173-9a2d-4f81-a9b2-4403aa336dd4	3.2.5.	By 2021, UP Cebu will institutionalize the UP Cebu Museum in the Heritage Administration building	By 2021, UP Cebu will institutionalize the UP Cebu Museum in the Heritage Administration building	1.00	2021-01-01	2021-12-31	1	2026-04-13 18:28:20.287915+00	2026-04-13 18:28:20.287923+00	efb3ba83-4f28-4974-9616-e623114055e6	e9015377-bb59-41bf-97ed-3f1ab7235c44	cb8cb8fa-d59d-4727-8537-bef0a229e692	6338b194-9a67-4e13-a68d-d7da970b1963
e23a2ba4-50d2-4265-b2e1-d70f35f02fec	3.2.7.	By 2024, UP Cebu will partner with the Cebu Provincial Government to revive the Cultural Center of Cebu (CCC)	By 2024, UP Cebu will partner with the Cebu Provincial Government to revive the Cultural Center of Cebu (CCC)	1.00	2024-01-01	2024-12-31	1	2026-04-13 18:28:59.490503+00	2026-04-13 18:28:59.490512+00	efb3ba83-4f28-4974-9616-e623114055e6	e9015377-bb59-41bf-97ed-3f1ab7235c44	cb8cb8fa-d59d-4727-8537-bef0a229e692	6338b194-9a67-4e13-a68d-d7da970b1963
211fd82f-4803-44c1-9bf6-5da17cca0267	3.2.6.	By 2024, UP Cebu will set up the Art Museum in a strategic location in Cebu City	By 2024, UP Cebu will set up the Art Museum in a strategic location in Cebu City	1.00	2024-01-01	2024-12-31	1	2026-04-13 18:30:04.945707+00	2026-04-13 18:30:04.945715+00	efb3ba83-4f28-4974-9616-e623114055e6	e9015377-bb59-41bf-97ed-3f1ab7235c44	cb8cb8fa-d59d-4727-8537-bef0a229e692	6338b194-9a67-4e13-a68d-d7da970b1963
09552ba4-874c-40d3-9a68-8d91adf01d14	3.2.8.	By 2024, UP Cebu will open its art-in-residency program to draw innovative artists to the University	By 2024, UP Cebu will open its art-in-residency program to draw innovative artists to the University	1.00	2024-01-01	2024-12-31	1	2026-04-13 18:31:09.180011+00	2026-04-13 18:31:09.18002+00	efb3ba83-4f28-4974-9616-e623114055e6	e9015377-bb59-41bf-97ed-3f1ab7235c44	cb8cb8fa-d59d-4727-8537-bef0a229e692	6338b194-9a67-4e13-a68d-d7da970b1963
c1ea9c44-dd49-4a61-9376-473b5b08a0bc	3.3.	Sustain UP CebuΓÇÖs niche in IT Education	Sustain UP CebuΓÇÖs niche in IT Education	\N	\N	\N	1	2026-04-13 18:31:56.505482+00	2026-04-13 18:31:56.505492+00	efb3ba83-4f28-4974-9616-e623114055e6	d4148202-5388-4c6d-be7b-62a2195d5da7	\N	6877fa1a-2b04-4124-881c-b9f3be04cd41
11b870c2-e990-442d-84af-b4c1a412f7b4	3.3.1.	By 2025, UP Cebu will maintain its Center of Excellence in IT Education status	By 2025, UP Cebu will maintain its Center of Excellence in IT Education status	1.00	2025-01-01	2025-12-31	1	2026-04-13 18:32:44.250797+00	2026-04-13 18:32:44.250806+00	efb3ba83-4f28-4974-9616-e623114055e6	c1ea9c44-dd49-4a61-9376-473b5b08a0bc	cb8cb8fa-d59d-4727-8537-bef0a229e692	6338b194-9a67-4e13-a68d-d7da970b1963
fd10defc-9700-47c0-9ba4-d2fb7aafc638	3.3.2.	By 2022, UP Cebu will start proposing at least one funded research project and every year after	By 2022, UP Cebu will start proposing at least one funded research project and every year after	1.00	2022-01-01	2022-12-31	1	2026-04-13 18:33:25.167509+00	2026-04-13 18:33:25.167517+00	efb3ba83-4f28-4974-9616-e623114055e6	c1ea9c44-dd49-4a61-9376-473b5b08a0bc	cb8cb8fa-d59d-4727-8537-bef0a229e692	6338b194-9a67-4e13-a68d-d7da970b1963
17e3aef9-ce69-4d9a-b813-f849acb1a347	3.3.3.	By 2021, UP Cebu will engage at least 1 partnership through MOA with IT industries within Cebu City and sustained partnership every year after	By 2021, UP Cebu will engage at least 1 partnership through MOA with IT industries within Cebu City and sustained partnership every year after	1.00	2021-01-01	2021-12-31	1	2026-04-13 18:34:09.192381+00	2026-04-13 18:34:09.19239+00	efb3ba83-4f28-4974-9616-e623114055e6	c1ea9c44-dd49-4a61-9376-473b5b08a0bc	cb8cb8fa-d59d-4727-8537-bef0a229e692	6338b194-9a67-4e13-a68d-d7da970b1963
7ac85743-5a8f-478b-a3f5-3d7b676cda54	3.3.4.	By 2023, UP Cebu will reach 60% graduate placement for BSCS in the industry as IT professional	By 2023, UP Cebu will reach 60% graduate placement for BSCS in the industry as IT professional	60.00	2023-01-01	2023-12-31	1	2026-04-13 20:05:51.858127+00	2026-04-13 20:05:51.858138+00	efb3ba83-4f28-4974-9616-e623114055e6	c1ea9c44-dd49-4a61-9376-473b5b08a0bc	5c2219d4-438d-4527-81aa-55e478007553	6338b194-9a67-4e13-a68d-d7da970b1963
2f83a914-203f-46e5-91b0-d4fc1e4de4a8	3.3.5.	By 2024, UP Cebu will reach 75% graduate placement for BSCS in the industry as IT professional	By 2024, UP Cebu will reach 75% graduate placement for BSCS in the industry as IT professional	75.00	2024-01-01	2024-12-31	1	2026-04-13 20:06:50.1177+00	2026-04-13 20:06:50.117709+00	efb3ba83-4f28-4974-9616-e623114055e6	c1ea9c44-dd49-4a61-9376-473b5b08a0bc	5c2219d4-438d-4527-81aa-55e478007553	6338b194-9a67-4e13-a68d-d7da970b1963
08da4c45-5820-4753-bcc2-95e9a5fbbd01	3.3.6.	By 2025, UP Cebu will reach 90% graduate placement for BSCS in the industry as IT professional	By 2025, UP Cebu will reach 90% graduate placement for BSCS in the industry as IT professional	90.00	2025-01-01	2025-12-31	1	2026-04-13 20:07:28.248189+00	2026-04-13 20:07:28.248198+00	efb3ba83-4f28-4974-9616-e623114055e6	c1ea9c44-dd49-4a61-9376-473b5b08a0bc	5c2219d4-438d-4527-81aa-55e478007553	6338b194-9a67-4e13-a68d-d7da970b1963
34d02006-ca43-4034-aba3-73509dc900aa	3.3.7.	By 2021, UP Cebu will conduct at least one (1) sustained engagement (i.e., training, mentorship, etc.) with an identified higher education institution (HEI) per year	By 2021, UP Cebu will conduct at least one (1) sustained engagement (i.e., training, mentorship, etc.) with an identified higher education institution (HEI) per year	1.00	2021-01-01	2021-12-31	1	2026-04-13 20:08:12.435369+00	2026-04-13 20:08:12.435378+00	efb3ba83-4f28-4974-9616-e623114055e6	c1ea9c44-dd49-4a61-9376-473b5b08a0bc	cb8cb8fa-d59d-4727-8537-bef0a229e692	6338b194-9a67-4e13-a68d-d7da970b1963
ba5b6833-9c92-49eb-bc4f-929a1e54eee6	3.4.	Build a culture of innovation	Build a culture of innovation	\N	\N	\N	1	2026-04-13 20:10:15.047949+00	2026-04-13 20:10:15.047961+00	efb3ba83-4f28-4974-9616-e623114055e6	d4148202-5388-4c6d-be7b-62a2195d5da7	\N	6877fa1a-2b04-4124-881c-b9f3be04cd41
59178b53-05c5-40b6-a10a-a27cd8f7b70d	3.4.1.	By 2024, two (2) new [additional] prototypes will be demonstrated and the corresponding DTI registration secured annually	By 2024, two (2) new [additional] prototypes will be demonstrated and the corresponding DTI registration secured annually	2.00	2024-01-01	2024-12-31	1	2026-04-13 20:11:16.875597+00	2026-04-13 20:11:16.87561+00	efb3ba83-4f28-4974-9616-e623114055e6	ba5b6833-9c92-49eb-bc4f-929a1e54eee6	cb8cb8fa-d59d-4727-8537-bef0a229e692	6338b194-9a67-4e13-a68d-d7da970b1963
921f1ebd-9909-49f4-9872-6473f03f3c81	3.4.2.	By 2026, four (4) new [additional] prototypes will be demonstrated and the corresponding DTI registration secured annually	By 2026, four (4) new [additional] prototypes will be demonstrated and the corresponding DTI registration secured annually	4.00	2026-01-01	2026-12-31	1	2026-04-13 20:12:10.309488+00	2026-04-13 20:12:10.309497+00	efb3ba83-4f28-4974-9616-e623114055e6	ba5b6833-9c92-49eb-bc4f-929a1e54eee6	cb8cb8fa-d59d-4727-8537-bef0a229e692	6338b194-9a67-4e13-a68d-d7da970b1963
11263865-ac97-478d-a0ee-be5493b5500c	3.5.	Protect the intellectual property rights of and secure economic gains for UP Cebu	Protect the intellectual property rights of and secure economic gains for UP Cebu	\N	\N	\N	1	2026-04-13 20:16:06.223157+00	2026-04-13 20:16:06.223167+00	efb3ba83-4f28-4974-9616-e623114055e6	d4148202-5388-4c6d-be7b-62a2195d5da7	\N	6877fa1a-2b04-4124-881c-b9f3be04cd41
e9015377-bb59-41bf-97ed-3f1ab7235c44	3.2.	Strengthen the niche of UP Cebu as Center for Art, Culture, and Design	Strengthen the niche of UP Cebu as Center for Art, Culture, and Design	\N	\N	\N	1	2026-04-13 18:23:18.650196+00	2026-04-13 20:16:34.198177+00	efb3ba83-4f28-4974-9616-e623114055e6	d4148202-5388-4c6d-be7b-62a2195d5da7	\N	6877fa1a-2b04-4124-881c-b9f3be04cd41
8b4d69c1-4dd7-4627-adca-db99fd280741	3.5.1.	Every year from 2021 to 2027, UP Cebu will file the following protections: patent (6), utility model (10), and industrial design (15)	Every year from 2021 to 2027, UP Cebu will file the following protections: patent (6), utility model (10), and industrial design (15)	21.00	2021-01-01	2021-12-31	1	2026-04-13 20:12:55.425996+00	2026-04-13 20:21:30.098689+00	efb3ba83-4f28-4974-9616-e623114055e6	11263865-ac97-478d-a0ee-be5493b5500c	cb8cb8fa-d59d-4727-8537-bef0a229e692	6338b194-9a67-4e13-a68d-d7da970b1963
44b86145-86ad-4026-8ea6-e4f7991d3be7	3.5.2.	Every year from 2022 to 2027, UP Cebu will commercialize one (1) product	Every year from 2022 to 2027, UP Cebu will commercialize one (1) product	1.00	2022-01-01	2022-12-31	1	2026-04-13 20:22:43.03976+00	2026-04-13 20:22:43.039769+00	efb3ba83-4f28-4974-9616-e623114055e6	11263865-ac97-478d-a0ee-be5493b5500c	cb8cb8fa-d59d-4727-8537-bef0a229e692	6338b194-9a67-4e13-a68d-d7da970b1963
9e18ae33-c20a-467c-aea3-dc8b584abc53	4.	PUBLIC SERVICE	PUBLIC SERVICE	\N	\N	\N	1	2026-04-13 20:23:21.38695+00	2026-04-13 20:23:21.38696+00	efb3ba83-4f28-4974-9616-e623114055e6	\N	\N	10cceea4-7539-4995-982b-de14c9d44ec8
27d627ac-828e-4bd6-b03a-011aa847325f	4.1.	Provide capacity building trainings for various stakeholders	Provide capacity building trainings for various stakeholders	\N	\N	\N	1	2026-04-13 20:24:11.123966+00	2026-04-13 20:24:11.123975+00	efb3ba83-4f28-4974-9616-e623114055e6	9e18ae33-c20a-467c-aea3-dc8b584abc53	\N	6877fa1a-2b04-4124-881c-b9f3be04cd41
2246e862-7337-4756-8a91-1fb6adfcbd24	4.1.1.	Every year starting 2021, provide training, seminars, and workshops for 600 to 1,500 participants	Every year starting 2021, provide training, seminars, and workshops for 600 to 1,500 participants	2100.00	2021-01-01	2021-12-31	1	2026-04-13 20:25:14.190867+00	2026-04-13 20:25:14.190876+00	efb3ba83-4f28-4974-9616-e623114055e6	27d627ac-828e-4bd6-b03a-011aa847325f	cb8cb8fa-d59d-4727-8537-bef0a229e692	6338b194-9a67-4e13-a68d-d7da970b1963
127621bf-47e2-464e-bd96-18c4552402ac	4.1.2.	Every year starting 2021, at least five (5) LGUs are being assisted by UP Cebu in various capacitation programs	Every year starting 2021, at least five (5) LGUs are being assisted by UP Cebu in various capacitation programs	5.00	2021-01-01	2021-12-31	1	2026-04-13 20:25:50.064116+00	2026-04-13 20:25:50.064124+00	efb3ba83-4f28-4974-9616-e623114055e6	27d627ac-828e-4bd6-b03a-011aa847325f	cb8cb8fa-d59d-4727-8537-bef0a229e692	6338b194-9a67-4e13-a68d-d7da970b1963
ee83e9a3-0923-4d8a-a142-011ee79dda68	4.2.	Intensify collaboration of UP Cebu with regional, national, and international centers and consortia to understand the needs of the community and increase relevance of UP Cebu	Intensify collaboration of UP Cebu with regional, national, and international centers and consortia to understand the needs of the community and increase relevance of UP Cebu	\N	\N	\N	1	2026-04-13 20:26:22.576542+00	2026-04-13 20:26:22.576551+00	efb3ba83-4f28-4974-9616-e623114055e6	9e18ae33-c20a-467c-aea3-dc8b584abc53	\N	6877fa1a-2b04-4124-881c-b9f3be04cd41
851ef59c-c0e4-4151-a588-9b5db9972810	4.2.1.	By 2024, UP Cebu will have 15 active partnerships with regional, national, and international centers and consortia, oriented towards public service	By 2024, UP Cebu will have 15 active partnerships with regional, national, and international centers and consortia, oriented towards public service	15.00	2024-01-01	2024-12-31	1	2026-04-13 20:26:59.01417+00	2026-04-13 20:26:59.014185+00	efb3ba83-4f28-4974-9616-e623114055e6	ee83e9a3-0923-4d8a-a142-011ee79dda68	cb8cb8fa-d59d-4727-8537-bef0a229e692	6338b194-9a67-4e13-a68d-d7da970b1963
7e1fda02-13a0-493d-bc78-c6ef6170b8ae	4.2.2.	By 2024, at least 50% of UP Cebu faculty members are members of regional, national, and international centers and consortia	By 2024, at least 50% of UP Cebu faculty members are members of regional, national, and international centers and consortia	50.00	2024-01-01	2024-12-31	1	2026-04-13 20:27:41.001408+00	2026-04-13 20:27:41.001421+00	efb3ba83-4f28-4974-9616-e623114055e6	ee83e9a3-0923-4d8a-a142-011ee79dda68	5c2219d4-438d-4527-81aa-55e478007553	6338b194-9a67-4e13-a68d-d7da970b1963
65477d19-72e2-4bf3-a6d6-ae484f117ed5	4.3.	Be an active and relevant contributor to CebuΓÇÖs creative cities and tourism initiatives to help maintain Cebu CityΓÇÖs status as one of UNESCO's Creative Cities/City of Design; and strengthen culture, art, and design niche of UP Cebu	Be an active and relevant contributor to CebuΓÇÖs creative cities and tourism initiatives to help maintain Cebu CityΓÇÖs status as one of UNESCO's Creative Cities/City of Design; and strengthen culture, art, and design niche of UP Cebu	\N	\N	\N	1	2026-04-13 20:28:33.93786+00	2026-04-13 20:28:33.937869+00	efb3ba83-4f28-4974-9616-e623114055e6	9e18ae33-c20a-467c-aea3-dc8b584abc53	\N	6877fa1a-2b04-4124-881c-b9f3be04cd41
2daaf3ec-d8fd-47ff-a620-2ba211895337	4.3.1.	Every year from 2021, UP Cebu will spearhead events for the Cebu Design Week ΓÇô Art and Design Conference and Exhibition in September or October	Every year from 2021, UP Cebu will spearhead events for the Cebu Design Week ΓÇô Art and Design Conference and Exhibition in September or October	1.00	2021-01-01	2021-12-31	1	2026-04-13 20:30:22.335552+00	2026-04-13 20:30:22.33556+00	efb3ba83-4f28-4974-9616-e623114055e6	65477d19-72e2-4bf3-a6d6-ae484f117ed5	cb8cb8fa-d59d-4727-8537-bef0a229e692	6338b194-9a67-4e13-a68d-d7da970b1963
0e480856-dcd3-4c66-9416-4282f6fc4d23	4.3.2.	Every year from 2022, UP Cebu will spearhead National Arts Month in February	Every year from 2022, UP Cebu will spearhead National Arts Month in February	1.00	2022-01-01	2022-12-31	1	2026-04-13 20:31:46.401795+00	2026-04-13 20:31:57.324291+00	efb3ba83-4f28-4974-9616-e623114055e6	65477d19-72e2-4bf3-a6d6-ae484f117ed5	cb8cb8fa-d59d-4727-8537-bef0a229e692	6338b194-9a67-4e13-a68d-d7da970b1963
a98d4b8c-5668-4d91-9459-e71bfd698b6d	4.4.	Institutionalize disaster risk reduction, resiliency and sustainability programs	Institutionalize disaster risk reduction, resiliency and sustainability programs	\N	\N	\N	1	2026-04-13 20:33:22.372472+00	2026-04-13 20:33:22.372481+00	efb3ba83-4f28-4974-9616-e623114055e6	9e18ae33-c20a-467c-aea3-dc8b584abc53	\N	6877fa1a-2b04-4124-881c-b9f3be04cd41
7f363e5c-5060-4244-8b22-d886dd473453	4.4.1.	Every year starting 2021, assist at least five (5) LGUs to identify, assess, and reduce the risks of various disasters	Every year starting 2021, assist at least five (5) LGUs to identify, assess, and reduce the risks of various disasters	5.00	2021-01-01	2021-12-31	1	2026-04-13 20:34:32.826924+00	2026-04-13 20:34:32.826932+00	efb3ba83-4f28-4974-9616-e623114055e6	a98d4b8c-5668-4d91-9459-e71bfd698b6d	cb8cb8fa-d59d-4727-8537-bef0a229e692	6338b194-9a67-4e13-a68d-d7da970b1963
b1b5d165-3512-4fd1-8bbc-e58ea934a3c0	4.4.2.	By 2022, finalize a memorandum of agreement/understanding (MOA/MOU) with government agencies and/or other sectors for a collaborative project on disaster resilience and sustainability	By 2022, finalize a memorandum of agreement/understanding (MOA/MOU) with government agencies and/or other sectors for a collaborative project on disaster resilience and sustainability	1.00	2022-01-01	2022-12-31	1	2026-04-13 20:36:18.652705+00	2026-04-13 20:36:18.652712+00	efb3ba83-4f28-4974-9616-e623114055e6	a98d4b8c-5668-4d91-9459-e71bfd698b6d	cb8cb8fa-d59d-4727-8537-bef0a229e692	6338b194-9a67-4e13-a68d-d7da970b1963
0baf0280-7378-45ce-9e3c-354e4224e725	4.4.3.	By 2021, organize and spearhead a multisectoral and collaborative conference within the theme of resilience and sustainability	By 2021, organize and spearhead a multisectoral and collaborative conference within the theme of resilience and sustainability	1.00	2021-01-01	2021-12-31	1	2026-04-13 20:37:45.920436+00	2026-04-13 20:37:45.920445+00	efb3ba83-4f28-4974-9616-e623114055e6	a98d4b8c-5668-4d91-9459-e71bfd698b6d	cb8cb8fa-d59d-4727-8537-bef0a229e692	6338b194-9a67-4e13-a68d-d7da970b1963
03965c08-ca96-499c-b781-445135eaa7da	1.1.1.	Percentage of first-time licensure exam takers who passed the licensure exams	Percentage of first-time licensure exam takers who passed the licensure exams	80.00	\N	\N	1	2026-04-13 16:18:20.674985+00	2026-04-14 03:42:32.147204+00	bf77d1c9-99da-4e7c-8829-e93a32975fae	3be9f7eb-0291-4095-9d0f-5536d5be46a4	5c2219d4-438d-4527-81aa-55e478007553	4245129f-3aee-40c7-abe7-dce6d185dd6b
a85e1862-267c-421c-b4ad-a25128226144	5.	ADMINISTRATIVE EFFICIENCY	ADMINISTRATIVE EFFICIENCY	\N	\N	\N	1	2026-05-04 15:00:18.191088+00	2026-05-04 15:00:18.19112+00	efb3ba83-4f28-4974-9616-e623114055e6	\N	\N	10cceea4-7539-4995-982b-de14c9d44ec8
d8419fa0-b64d-4f1d-8c54-26dbadb5f936	5.1.	Enhance UP CebuΓÇÖs fiscal resource management	Enhance UP CebuΓÇÖs fiscal resource management	\N	\N	\N	1	2026-05-04 15:01:34.255197+00	2026-05-04 15:01:34.255226+00	efb3ba83-4f28-4974-9616-e623114055e6	a85e1862-267c-421c-b4ad-a25128226144	\N	6877fa1a-2b04-4124-881c-b9f3be04cd41
dfc869ff-0c83-41f0-ab5e-f1f4837ddf5e	5.1.1.	At the end of every year, 100% OBUR/DBUR to demonstrate effective utilization of the budget	At the end of every year, 100% OBUR/DBUR to demonstrate effective utilization of the budget	100.00	2021-01-01	2021-12-31	1	2026-05-04 15:03:10.759488+00	2026-05-04 15:03:26.374961+00	efb3ba83-4f28-4974-9616-e623114055e6	d8419fa0-b64d-4f1d-8c54-26dbadb5f936	5c2219d4-438d-4527-81aa-55e478007553	6338b194-9a67-4e13-a68d-d7da970b1963
ef4f3df5-ee21-42a8-a8ae-b802448e6de4	5.1.2.	At the end of every year, zero (0) disallowance	At the end of every year, zero (0) disallowance	0.00	2021-01-01	2021-12-31	1	2026-05-04 15:06:32.83136+00	2026-05-04 15:15:24.987912+00	efb3ba83-4f28-4974-9616-e623114055e6	d8419fa0-b64d-4f1d-8c54-26dbadb5f936	cb8cb8fa-d59d-4727-8537-bef0a229e692	6338b194-9a67-4e13-a68d-d7da970b1963
1cd88f3d-4fb0-4c06-8dd5-a587722a2ba3	5.1.3.	Every year from 2021, raise PhP1 million excluding scholarships	Every year from 2021, raise PhP1 million excluding scholarships	1000000.00	2021-01-01	2021-12-31	1	2026-05-04 15:19:06.834424+00	2026-05-04 15:19:58.386793+00	efb3ba83-4f28-4974-9616-e623114055e6	d8419fa0-b64d-4f1d-8c54-26dbadb5f936	cb8cb8fa-d59d-4727-8537-bef0a229e692	6338b194-9a67-4e13-a68d-d7da970b1963
508fd181-7998-4f3f-9122-e034713b5b80	5.2.	Continuously improve service standards	Continuously improve service standards	\N	\N	\N	1	2026-05-04 15:21:09.546386+00	2026-05-04 15:21:09.546406+00	efb3ba83-4f28-4974-9616-e623114055e6	a85e1862-267c-421c-b4ad-a25128226144	\N	6877fa1a-2b04-4124-881c-b9f3be04cd41
6fbd8499-1d6d-4dd3-96d3-539e7fe8e878	5.2.1.	By 2021, all university procedures and services are codified into a digital Administrative Manual. A digital repository of all previous policies created and adopted in various policy- making committees is established to serve as an institutional memory th	By 2021, all university procedures and services are codified into a digital Administrative Manual. A digital repository of all previous policies created and adopted in various policy- making committees is established to serve as an institutional memory that supplements the Administrative Manual (e.g., Financial Policies and Operations Committee or FPOC, item allocations, disaster and crisis management, etc.)	100.00	2021-01-01	2021-12-31	1	2026-05-04 15:22:49.377112+00	2026-05-04 15:23:24.297501+00	efb3ba83-4f28-4974-9616-e623114055e6	508fd181-7998-4f3f-9122-e034713b5b80	5c2219d4-438d-4527-81aa-55e478007553	6338b194-9a67-4e13-a68d-d7da970b1963
8209a69e-3c3c-4c69-a0db-bc7143f3bbe3	5.2.2.	By 2021, all university academic policies shall have been codified (e.g., Academic Personnel and Fellowship Committee or APFC guidelines)	By 2021, all university academic policies shall have been codified (e.g., Academic Personnel and Fellowship Committee or APFC guidelines)	100.00	2021-01-01	2021-12-31	1	2026-05-05 16:41:56.72758+00	2026-05-05 16:41:56.727595+00	efb3ba83-4f28-4974-9616-e623114055e6	508fd181-7998-4f3f-9122-e034713b5b80	5c2219d4-438d-4527-81aa-55e478007553	6338b194-9a67-4e13-a68d-d7da970b1963
7ff24d17-d98f-46f9-8d93-899f632cedba	5.2.3.	By 2021, UP Cebu will practice paperless enrollment and clearance (100% online)	By 2021, UP Cebu will practice paperless enrollment and clearance (100% online)	99.97	2021-01-01	2021-12-31	1	2026-05-05 16:42:52.26818+00	2026-05-05 16:42:52.268189+00	efb3ba83-4f28-4974-9616-e623114055e6	508fd181-7998-4f3f-9122-e034713b5b80	5c2219d4-438d-4527-81aa-55e478007553	6338b194-9a67-4e13-a68d-d7da970b1963
5992b28d-63df-4829-adee-4a5260194a0a	5.2.4.	By 2021, automation of various administrative services (i.e., online reservation, release of pay slips, etc.) and synchronization of data	By 2021, automation of various administrative services (i.e., online reservation, release of pay slips, etc.) and synchronization of data	100.00	2021-01-01	2021-12-31	1	2026-05-05 16:44:15.163262+00	2026-05-05 16:44:15.16327+00	efb3ba83-4f28-4974-9616-e623114055e6	508fd181-7998-4f3f-9122-e034713b5b80	5c2219d4-438d-4527-81aa-55e478007553	6338b194-9a67-4e13-a68d-d7da970b1963
e954b346-dfa7-4065-90ae-9986a40fc089	5.5.4.	By 2022, 75% of stakeholders will express satisfaction with UP Cebu administrative services	By 2022, 75% of stakeholders will express satisfaction with UP Cebu administrative services	75.00	2022-01-01	2022-12-31	1	2026-05-05 18:47:29.51202+00	2026-05-05 18:47:29.51203+00	efb3ba83-4f28-4974-9616-e623114055e6	130faf59-ab4c-4530-b181-52c1e0c6d876	5c2219d4-438d-4527-81aa-55e478007553	6338b194-9a67-4e13-a68d-d7da970b1963
22b03e95-e64f-4208-ab8e-2c10548be8a2	5.3.	Apply sustainable practices in power, water, and waste management	Apply sustainable practices in power, water, and waste management	\N	\N	\N	1	2026-05-05 18:09:59.288382+00	2026-05-05 18:09:59.288394+00	efb3ba83-4f28-4974-9616-e623114055e6	a85e1862-267c-421c-b4ad-a25128226144	\N	6877fa1a-2b04-4124-881c-b9f3be04cd41
74031a9e-2fe2-421d-a350-58c95643d043	5.3.1.	By 2021, UP Cebu will reduce power consumption by 10% from 2019 levels	By 2021, UP Cebu will reduce power consumption by 10% from 2019 levels	10.00	2021-01-01	2021-12-31	1	2026-05-05 18:11:12.624558+00	2026-05-05 18:11:12.624567+00	efb3ba83-4f28-4974-9616-e623114055e6	22b03e95-e64f-4208-ab8e-2c10548be8a2	5c2219d4-438d-4527-81aa-55e478007553	6338b194-9a67-4e13-a68d-d7da970b1963
9d4b7bcb-a6ea-4ad8-8ef1-cc993671cb85	5.3.2.	By 2021, UP Cebu will reduce water consumption by 10% from 2019 levels	By 2021, UP Cebu will reduce water consumption by 10% from 2019 levels	10.00	2021-01-01	2021-12-31	1	2026-05-05 18:12:32.255187+00	2026-05-05 18:12:32.255197+00	efb3ba83-4f28-4974-9616-e623114055e6	22b03e95-e64f-4208-ab8e-2c10548be8a2	5c2219d4-438d-4527-81aa-55e478007553	6338b194-9a67-4e13-a68d-d7da970b1963
2df0c781-0ee9-4d11-a73a-8eaae3e929ec	5.3.3.	At the end of every year from 2022 to 2026, power and water consumption will be reduced every year by at least 5% from the previous year	At the end of every year from 2022 to 2026, power and water consumption will be reduced every year by at least 5% from the previous year	5.00	2022-01-01	2022-12-31	1	2026-05-05 18:14:57.581659+00	2026-05-05 18:14:57.581668+00	efb3ba83-4f28-4974-9616-e623114055e6	22b03e95-e64f-4208-ab8e-2c10548be8a2	5c2219d4-438d-4527-81aa-55e478007553	6338b194-9a67-4e13-a68d-d7da970b1963
961ec2f7-547b-4f42-9496-31ed8e7909d3	5.4.	Reorganize UP Cebu administrative offices	Reorganize UP Cebu administrative offices	\N	\N	\N	1	2026-05-05 18:18:00.122232+00	2026-05-05 18:18:00.122242+00	efb3ba83-4f28-4974-9616-e623114055e6	a85e1862-267c-421c-b4ad-a25128226144	\N	6877fa1a-2b04-4124-881c-b9f3be04cd41
facf00c0-0209-44ce-9fb0-c58da32d3790	5.2.5.	By 2022, UP Cebu will be vested Level 2 Accreditation of the Program to Institutionalize Meritocracy and Excellence in Human Resource Management (PRIME HRM) and Level 3 by 2024	By 2022, UP Cebu will be vested Level 2 Accreditation of the Program to Institutionalize Meritocracy and Excellence in Human Resource Management (PRIME HRM) and Level 3 by 2024	2.00	2021-01-01	2021-12-31	1	2026-05-05 16:44:52.8715+00	2026-05-05 18:44:04.317787+00	efb3ba83-4f28-4974-9616-e623114055e6	508fd181-7998-4f3f-9122-e034713b5b80	cb8cb8fa-d59d-4727-8537-bef0a229e692	6338b194-9a67-4e13-a68d-d7da970b1963
130faf59-ab4c-4530-b181-52c1e0c6d876	5.5.	Optimize the use of ICT tools and technology in teaching, research and administrative operations to promote efficiency	Optimize the use of ICT tools and technology in teaching, research and administrative operations to promote efficiency	\N	\N	\N	1	2026-05-05 18:22:18.437176+00	2026-05-05 18:22:18.437185+00	efb3ba83-4f28-4974-9616-e623114055e6	a85e1862-267c-421c-b4ad-a25128226144	\N	6877fa1a-2b04-4124-881c-b9f3be04cd41
759587a4-a39e-447c-bfb1-1f2d829100ef	5.5.1.	By 2021, 60% of UP Cebu constituents will use IT tools in teaching and research and operations	By 2021, 60% of UP Cebu constituents will use IT tools in teaching and research and operations	59.99	2021-01-01	2021-12-31	1	2026-05-05 18:23:04.056028+00	2026-05-05 18:42:35.939067+00	efb3ba83-4f28-4974-9616-e623114055e6	130faf59-ab4c-4530-b181-52c1e0c6d876	5c2219d4-438d-4527-81aa-55e478007553	6338b194-9a67-4e13-a68d-d7da970b1963
1780aeb7-b312-4beb-a2df-9a11594a8b21	5.5.2.	By 2021, 70% of the UP Cebu faculty will increase usage of VLE, Google classroom and other online learning management systems	By 2021, 70% of the UP Cebu faculty will increase usage of VLE, Google classroom and other online learning management systems	70.00	2021-01-01	2021-12-31	1	2026-05-05 18:41:06.639178+00	2026-05-05 18:43:01.126177+00	efb3ba83-4f28-4974-9616-e623114055e6	130faf59-ab4c-4530-b181-52c1e0c6d876	5c2219d4-438d-4527-81aa-55e478007553	6338b194-9a67-4e13-a68d-d7da970b1963
1c472108-8425-466b-bbe9-69f4bd57da0d	5.4.3.	By 2024, migrate paperwork to online processing, as appropriate	By 2024, migrate paperwork to online processing, as appropriate	100.00	2024-01-01	2024-12-31	1	2026-05-05 18:21:28.271902+00	2026-05-05 18:43:09.914458+00	efb3ba83-4f28-4974-9616-e623114055e6	961ec2f7-547b-4f42-9496-31ed8e7909d3	5c2219d4-438d-4527-81aa-55e478007553	6338b194-9a67-4e13-a68d-d7da970b1963
e75d680b-3509-43b6-8d53-ccca62ae5ab7	5.4.2.	By 2022, create the Procurement Office and Office of Community Affairs	By 2022, create the Procurement Office and Office of Community Affairs	2.00	2022-01-01	2022-12-31	1	2026-05-05 18:20:13.445463+00	2026-05-05 18:43:17.956812+00	efb3ba83-4f28-4974-9616-e623114055e6	961ec2f7-547b-4f42-9496-31ed8e7909d3	cb8cb8fa-d59d-4727-8537-bef0a229e692	6338b194-9a67-4e13-a68d-d7da970b1963
87a77c0e-f759-4eb1-9c90-1c7fc1012212	5.4.1.	By 2022, increase the number of administrative staff by 10%	By 2022, increase the number of administrative staff by 10%	10.00	2022-01-01	2022-12-31	1	2026-05-05 18:19:00.187597+00	2026-05-05 18:43:25.455853+00	efb3ba83-4f28-4974-9616-e623114055e6	961ec2f7-547b-4f42-9496-31ed8e7909d3	5c2219d4-438d-4527-81aa-55e478007553	6338b194-9a67-4e13-a68d-d7da970b1963
6c0444e3-a36a-4828-96ce-180eef97668a	5.3.4.	By 2026, UP Cebu will attain Green University Status	By 2026, UP Cebu will attain Green University Status	100.00	2026-01-01	2026-12-31	1	2026-05-05 18:16:14.915412+00	2026-05-05 18:44:23.375576+00	efb3ba83-4f28-4974-9616-e623114055e6	22b03e95-e64f-4208-ab8e-2c10548be8a2	5c2219d4-438d-4527-81aa-55e478007553	6338b194-9a67-4e13-a68d-d7da970b1963
38fe8687-fc37-4a56-976f-c8189d876860	5.5.3.	By 2021, the number of steps to avail of various services will be streamlined and delays in administrative services are minimized to 10% of the total service	By 2021, the number of steps to avail of various services will be streamlined and delays in administrative services are minimized to 10% of the total service	10.00	2021-01-01	2021-12-31	1	2026-05-05 18:46:28.861357+00	2026-05-05 18:46:28.861366+00	efb3ba83-4f28-4974-9616-e623114055e6	130faf59-ab4c-4530-b181-52c1e0c6d876	5c2219d4-438d-4527-81aa-55e478007553	6338b194-9a67-4e13-a68d-d7da970b1963
ebb52115-3899-4747-b0ca-dc2395d43f4c	5.5.5.	By 2024, 80% of UP Cebu constituents will use IT tools	By 2024, 80% of UP Cebu constituents will use IT tools	80.00	2024-01-01	2024-12-31	1	2026-05-05 18:48:25.28055+00	2026-05-05 18:48:25.280563+00	efb3ba83-4f28-4974-9616-e623114055e6	130faf59-ab4c-4530-b181-52c1e0c6d876	5c2219d4-438d-4527-81aa-55e478007553	6338b194-9a67-4e13-a68d-d7da970b1963
3538f57f-d2b6-43e0-9604-e5be8bc37de8	5.5.6.	By 2026, 100% of UP Cebu constituents will use IT tools	By 2026, 100% of UP Cebu constituents will use IT tools	100.00	2026-01-01	2026-12-31	1	2026-05-05 18:49:13.519363+00	2026-05-05 18:49:13.519371+00	efb3ba83-4f28-4974-9616-e623114055e6	130faf59-ab4c-4530-b181-52c1e0c6d876	5c2219d4-438d-4527-81aa-55e478007553	6338b194-9a67-4e13-a68d-d7da970b1963
a6163285-2aa0-4151-81b1-c5562f2434fa	5.5.7.	By 2026, 90% of stakeholders will express satisfaction with UP Cebu administrative service	By 2026, 90% of stakeholders will express satisfaction with UP Cebu administrative service	90.00	2026-01-01	2026-12-31	1	2026-05-05 18:50:09.720662+00	2026-05-05 18:50:09.720671+00	efb3ba83-4f28-4974-9616-e623114055e6	130faf59-ab4c-4530-b181-52c1e0c6d876	5c2219d4-438d-4527-81aa-55e478007553	6338b194-9a67-4e13-a68d-d7da970b1963
3fb21722-7ee7-4ea6-97e6-f9725cb20122	6.	WELFARE OF CONSTITUENTS	WELFARE OF CONSTITUENTS	\N	\N	\N	1	2026-05-05 18:50:58.759457+00	2026-05-05 18:50:58.759467+00	efb3ba83-4f28-4974-9616-e623114055e6	\N	\N	10cceea4-7539-4995-982b-de14c9d44ec8
6a0fd999-33b3-432b-a14f-55c15a2e8350	6.1	Increase knowledge and skills capacity of administrative staff, REPs, and faculty members	Increase knowledge and skills capacity of administrative staff, REPs, and faculty members	\N	\N	\N	1	2026-05-05 18:53:46.444041+00	2026-05-05 18:53:46.44405+00	efb3ba83-4f28-4974-9616-e623114055e6	3fb21722-7ee7-4ea6-97e6-f9725cb20122	\N	6877fa1a-2b04-4124-881c-b9f3be04cd41
8aec8d45-7134-4e64-965c-3140d6c0a560	6.1.1.	For every year from 2021 to 2027, UP Cebu administration will conduct three (3) training programs per year (e.g., on mental health, first aid, fire prevention, leadership, and values etc.) for faculty, administrative staff, and REPS with 90% attendance of	For every year from 2021 to 2027, UP Cebu administration will conduct three (3) training programs per year (e.g., on mental health, first aid, fire prevention, leadership, and values etc.) for faculty, administrative staff, and REPS with 90% attendance of target audience	3.00	2021-01-01	2021-12-31	1	2026-05-05 18:56:05.758093+00	2026-05-05 18:56:05.758102+00	efb3ba83-4f28-4974-9616-e623114055e6	6a0fd999-33b3-432b-a14f-55c15a2e8350	cb8cb8fa-d59d-4727-8537-bef0a229e692	6338b194-9a67-4e13-a68d-d7da970b1963
07a0e464-eb47-4679-8feb-cb6a9149cb29	6.1.2.	For every year from 2021 to 2027, 30% of the faculty, administrative staff and REPS will attend training/workshops or further studies	For every year from 2021 to 2027, 30% of the faculty, administrative staff and REPS will attend training/workshops or further studies	30.00	2021-01-01	2021-12-31	1	2026-05-05 18:57:17.085324+00	2026-05-05 18:57:17.085337+00	efb3ba83-4f28-4974-9616-e623114055e6	6a0fd999-33b3-432b-a14f-55c15a2e8350	5c2219d4-438d-4527-81aa-55e478007553	6338b194-9a67-4e13-a68d-d7da970b1963
b380afae-5906-43ad-9243-62cc4a6637f4	6.2.	Achieve zero accident and work-related illness in the workplace	Achieve zero accident and work-related illness in the workplace	\N	\N	\N	1	2026-05-05 18:58:18.908388+00	2026-05-05 18:58:18.908404+00	efb3ba83-4f28-4974-9616-e623114055e6	3fb21722-7ee7-4ea6-97e6-f9725cb20122	\N	6877fa1a-2b04-4124-881c-b9f3be04cd41
5824355d-efe5-461c-b4f6-517697880c36	6.2.1.	For every year, achieve zero (0) accidents inside UP Cebu campuses	For every year, achieve zero (0) accidents inside UP Cebu campuses	0.00	2021-01-01	2021-12-31	1	2026-05-05 18:59:28.721202+00	2026-05-05 18:59:28.72121+00	efb3ba83-4f28-4974-9616-e623114055e6	b380afae-5906-43ad-9243-62cc4a6637f4	cb8cb8fa-d59d-4727-8537-bef0a229e692	6338b194-9a67-4e13-a68d-d7da970b1963
d3593906-eb89-4acd-ba93-5de76a66746a	6.2.2.	For every year, achieve zero (0) work-related illness inside UP Cebu campuses	For every year, achieve zero (0) work-related illness inside UP Cebu campuses	0.00	2021-01-01	2022-12-31	1	2026-05-05 19:00:19.349057+00	2026-05-05 19:00:19.349064+00	efb3ba83-4f28-4974-9616-e623114055e6	b380afae-5906-43ad-9243-62cc4a6637f4	cb8cb8fa-d59d-4727-8537-bef0a229e692	6338b194-9a67-4e13-a68d-d7da970b1963
83e20fde-de9f-492b-ac0d-6f11a3180617	6.3.	Foster an inclusive school environment that embraces diversity	Foster an inclusive school environment that embraces diversity	\N	\N	\N	1	2026-05-05 19:01:01.856023+00	2026-05-05 19:01:01.856036+00	efb3ba83-4f28-4974-9616-e623114055e6	3fb21722-7ee7-4ea6-97e6-f9725cb20122	\N	6877fa1a-2b04-4124-881c-b9f3be04cd41
fc70b880-1b61-4d7f-b05e-a57f0540e08b	6.3.1.	By 2021, facilities which cater to the needs of lesbians, gays, bisexuals, transsexual persons, and queer (LGBTQ++) individuals, persons with disabilities (PWD) or the differently-abled will be available	By 2021, facilities which cater to the needs of lesbians, gays, bisexuals, transsexual persons, and queer (LGBTQ++) individuals, persons with disabilities (PWD) or the differently-abled will be available	2.00	2021-01-01	2021-12-31	1	2026-05-05 19:02:20.115769+00	2026-05-05 19:02:20.115777+00	efb3ba83-4f28-4974-9616-e623114055e6	83e20fde-de9f-492b-ac0d-6f11a3180617	cb8cb8fa-d59d-4727-8537-bef0a229e692	6338b194-9a67-4e13-a68d-d7da970b1963
4cd7b4f9-ee76-4cd6-9ca6-9a4592a7854a	6.4	Increase the number of staff and REPs receiving the Gawad Dekana and Gawad Tsanselor, merit-based awards, and recognitions under Civil Service rules	Increase the number of staff and REPs receiving the Gawad Dekana and Gawad Tsanselor, merit-based awards, and recognitions under Civil Service rules	\N	\N	\N	1	2026-05-05 19:03:13.871438+00	2026-05-05 19:03:13.87145+00	efb3ba83-4f28-4974-9616-e623114055e6	3fb21722-7ee7-4ea6-97e6-f9725cb20122	\N	6877fa1a-2b04-4124-881c-b9f3be04cd41
ced4f6a1-82ab-4d22-981c-374dbcbbbfa9	6.4.1.	At the end of every year from 2021 to 2027, at least one (1) administrative staff or REPS will get an award for each category	At the end of every year from 2021 to 2027, at least one (1) administrative staff or REPS will get an award for each category	1.00	2021-01-01	2021-12-31	1	2026-05-05 19:04:23.690293+00	2026-05-05 19:04:23.690303+00	efb3ba83-4f28-4974-9616-e623114055e6	4cd7b4f9-ee76-4cd6-9ca6-9a4592a7854a	cb8cb8fa-d59d-4727-8537-bef0a229e692	6338b194-9a67-4e13-a68d-d7da970b1963
ab0f5dd7-29f4-4351-8b3c-556e167ab39a	6.5.	Mainstream gender sensitivity/responsiveness across academic and administrative programs	Mainstream gender sensitivity/responsiveness across academic and administrative programs	\N	\N	\N	1	2026-05-05 19:05:23.734123+00	2026-05-05 19:05:23.734133+00	efb3ba83-4f28-4974-9616-e623114055e6	3fb21722-7ee7-4ea6-97e6-f9725cb20122	\N	6877fa1a-2b04-4124-881c-b9f3be04cd41
20b50e10-4d34-41b9-8a15-c074cc408ded	6.5.1.	By 2022, secure Board of Regents approval for institutionalizing the UP Cebu Gender Resource Center	By 2022, secure Board of Regents approval for institutionalizing the UP Cebu Gender Resource Center	1.00	2022-01-01	2022-12-31	1	2026-05-05 19:06:13.878138+00	2026-05-05 19:06:13.878147+00	efb3ba83-4f28-4974-9616-e623114055e6	ab0f5dd7-29f4-4351-8b3c-556e167ab39a	cb8cb8fa-d59d-4727-8537-bef0a229e692	6338b194-9a67-4e13-a68d-d7da970b1963
14999366-dc60-4479-b39b-337be5020efb	6.5.2.	From 2021, an annual gender sensitivity training and re/orientation is provided for all UP Cebu personnel	From 2021, an annual gender sensitivity training and re/orientation is provided for all UP Cebu personnel	1.00	2021-01-01	2021-12-31	1	2026-05-05 19:07:21.069578+00	2026-05-05 19:07:21.069588+00	efb3ba83-4f28-4974-9616-e623114055e6	ab0f5dd7-29f4-4351-8b3c-556e167ab39a	cb8cb8fa-d59d-4727-8537-bef0a229e692	6338b194-9a67-4e13-a68d-d7da970b1963
de526c6b-a5a4-499e-81c8-c789263418fa	6.6.	Promote housing for UP faculty and staff in accordance with RA 11396 (SUCs LUDIP Act of 2020) and its Implementing Rules and Regulations (CHED Memo 11, series of 2020)	Promote housing for UP faculty and staff in accordance with RA 11396 (SUCs LUDIP Act of 2020) and its Implementing Rules and Regulations (CHED Memo 11, series of 2020)	\N	\N	\N	1	2026-05-05 19:10:44.985617+00	2026-05-05 19:10:44.985626+00	efb3ba83-4f28-4974-9616-e623114055e6	3fb21722-7ee7-4ea6-97e6-f9725cb20122	\N	6877fa1a-2b04-4124-881c-b9f3be04cd41
28e39ae2-c714-4ae8-8a22-914dd696c218	6.6.1.	By 2021, revisit and finalize the land use development and infrastructure plan that shall include the construction of housing for employees, and submit to Office of the Vice- President for Development (OVPD) for integration in the UP SystemΓÇÖs Land Use and	By 2021, revisit and finalize the land use development and infrastructure plan that shall include the construction of housing for employees, and submit to Office of the Vice- President for Development (OVPD) for integration in the UP SystemΓÇÖs Land Use and Infrastructure Development Plan (LUDIP)	1.00	2021-01-01	2021-12-31	1	2026-05-05 19:11:35.785004+00	2026-05-05 19:11:35.785014+00	efb3ba83-4f28-4974-9616-e623114055e6	de526c6b-a5a4-499e-81c8-c789263418fa	cb8cb8fa-d59d-4727-8537-bef0a229e692	6338b194-9a67-4e13-a68d-d7da970b1963
7d682463-b7e9-4174-9e9e-133330e1e4b9	6.6.2.	By 2024, implement the LUDIP of UP Cebu as approved	By 2024, implement the LUDIP of UP Cebu as approved	1.00	2024-01-01	2024-12-31	1	2026-05-05 19:12:19.009355+00	2026-05-05 19:12:19.009364+00	efb3ba83-4f28-4974-9616-e623114055e6	de526c6b-a5a4-499e-81c8-c789263418fa	cb8cb8fa-d59d-4727-8537-bef0a229e692	6338b194-9a67-4e13-a68d-d7da970b1963
\.


--
-- Data for Name: pme_itemcontributor; Type: TABLE DATA; Schema: public; Owner: itcadmin
--

COPY public.pme_itemcontributor (id, item_id, unit_id) FROM stdin;
df992a0e-8110-47c0-ae85-5207455ed592	2b735bbc-24e9-4bf5-9e1f-a9e49c166904	77487610-5f0b-4466-9dad-3ac66299a157
258249a5-82f5-4a74-867d-5284d5e2e04e	b8f9dd30-0bdd-4615-9cb6-4a19b0adf638	77487610-5f0b-4466-9dad-3ac66299a157
d5f37066-9c55-4182-9645-3cfe0c1fbcf7	c8bdf7e0-46b8-4b34-b9fc-147e65610253	77487610-5f0b-4466-9dad-3ac66299a157
63b8e7ab-8a8e-47f9-bef3-1b16abfb620d	1666205e-f022-417b-a4af-65366d00a2d9	77487610-5f0b-4466-9dad-3ac66299a157
a46edb4f-28c5-4dd0-aab0-81974ecc2ead	2b735bbc-24e9-4bf5-9e1f-a9e49c166904	c565908b-9de9-4111-9b43-29de0ade3210
a59b9d6c-1197-4505-a5e6-888cb01aece5	b8f9dd30-0bdd-4615-9cb6-4a19b0adf638	c565908b-9de9-4111-9b43-29de0ade3210
28ca1c2a-be36-4dcd-95cf-3cc58ac419a6	c8bdf7e0-46b8-4b34-b9fc-147e65610253	c565908b-9de9-4111-9b43-29de0ade3210
17c4f381-3613-4a1c-bff5-9a1ed83b3693	1666205e-f022-417b-a4af-65366d00a2d9	c565908b-9de9-4111-9b43-29de0ade3210
adf4eb4a-6a55-4356-8712-ae71cff54594	59286442-2238-4319-8808-fd3fcf1bb65d	77487610-5f0b-4466-9dad-3ac66299a157
40cf43e9-e84a-4c11-9e00-3c704d3adf36	59286442-2238-4319-8808-fd3fcf1bb65d	c565908b-9de9-4111-9b43-29de0ade3210
a1ca07ef-9530-49bc-980c-b032bfa001b5	a2bfa944-615a-4bea-846b-7643cfcfb5a6	77487610-5f0b-4466-9dad-3ac66299a157
772a6aa2-e0bc-4c5f-9d3c-1ee1f50a0809	6155a805-c3e0-49b8-a96f-224a57016455	77487610-5f0b-4466-9dad-3ac66299a157
3ca42fa5-daf2-40e7-af36-5611695e4f4d	670995ad-0b05-46ba-9e14-9000d82bf6c9	77487610-5f0b-4466-9dad-3ac66299a157
1630f40b-067d-486a-ac35-e5285ff0c731	29da1284-bd6d-448f-adc5-01c32d2d42ac	77487610-5f0b-4466-9dad-3ac66299a157
8b462d8c-de40-42dd-90e8-db0d03ea6ff4	fe51f61c-e8ca-43b0-95dc-f387aaced1a1	77487610-5f0b-4466-9dad-3ac66299a157
294e647d-4c68-4f37-b574-599c3d3528b6	0b58a532-af56-4c8e-b8c3-4fa7158f3f00	77487610-5f0b-4466-9dad-3ac66299a157
c61b9b31-c2e9-48e1-bbbe-21a6f606374f	b4daa4b2-57d0-4df6-b05e-a058cd40dc42	77487610-5f0b-4466-9dad-3ac66299a157
7f599bc7-05d7-43c5-89cd-71a8cf73a33e	5e5fba17-003b-4c74-bf5d-5b31fa44fc30	77487610-5f0b-4466-9dad-3ac66299a157
4f003b77-48e1-4314-bdee-780f9d648bc3	01dff61a-ae22-4ace-8b8e-b4bf32ccb9b8	77487610-5f0b-4466-9dad-3ac66299a157
f41f4b9a-2276-4dd6-a20c-3d86aafea4c0	e822b3fd-1900-4bfc-bac2-99bcaf7aded0	77487610-5f0b-4466-9dad-3ac66299a157
8bb59015-fcaf-4a31-aab1-8cad4648d46c	9b098feb-1295-4b7f-b1f0-b678b649cedd	77487610-5f0b-4466-9dad-3ac66299a157
92cb9511-373c-4816-8c50-074a370f654e	6d18383c-8fb6-4287-95e6-8b466c288673	77487610-5f0b-4466-9dad-3ac66299a157
dd438956-2397-422e-b4a3-40a5af9acdba	c965f7b4-d3f2-4de2-862a-ac97ba8d3e1e	77487610-5f0b-4466-9dad-3ac66299a157
93ff9117-992f-4a24-b8e0-b31046d4fecd	b497dc2d-4dc7-4151-acc1-1c6b355272c5	77487610-5f0b-4466-9dad-3ac66299a157
9afd4e60-b56a-4084-bd57-76a3f1692abe	11373417-8141-4ac2-a55f-3bd4c85d9522	77487610-5f0b-4466-9dad-3ac66299a157
654b08e5-7e8e-472c-bbbb-d8c02206365f	8a77da60-56c2-4e5d-aef4-bb37074c2681	77487610-5f0b-4466-9dad-3ac66299a157
9422207a-6840-4030-8253-6eb18357721f	fc7ef535-84f5-45d4-8f33-b65843c11b29	77487610-5f0b-4466-9dad-3ac66299a157
1b01c7e2-ca45-468f-a618-8328068d34cb	d56d32ea-8d50-4f0a-96da-dcd995a5e619	77487610-5f0b-4466-9dad-3ac66299a157
4dcd8203-9f6d-416a-bc4d-cd985f6ee169	d0c70f49-86a1-453a-b0ac-7fef6aea7c7e	0342259f-04f6-4d27-8927-c2c244071b77
830cd4a4-5b6f-4208-81eb-f74781b0a225	63a4d2b3-8a19-458e-a05e-9636d885b9c4	77487610-5f0b-4466-9dad-3ac66299a157
2a74cb16-4820-44c3-b4f6-18f7576233b9	6c2b8533-8bd3-4fda-a8df-4d7df2f01aad	77487610-5f0b-4466-9dad-3ac66299a157
0c53695d-e39f-4c80-b0e5-cdb663276a73	0c6f4bae-179b-401e-9273-ee8f625c5bdf	77487610-5f0b-4466-9dad-3ac66299a157
513ef66b-252d-44e0-a28c-856fd5590e60	da0c1705-834c-46d7-85ca-ada2f3fb255a	77487610-5f0b-4466-9dad-3ac66299a157
f824b238-ed1a-4e6b-af53-611019bdd174	6dcf8a83-0da8-4a11-97cf-8c4ad40837a2	77487610-5f0b-4466-9dad-3ac66299a157
858033dc-68f7-407f-8411-27a844407749	2a44623f-fa30-4053-835c-6c47eda9d559	77487610-5f0b-4466-9dad-3ac66299a157
e556564c-d329-44c6-b4ea-4eb80c8c5a03	28f6a326-5145-4829-a9e7-a6a81d7aa621	77487610-5f0b-4466-9dad-3ac66299a157
be36cf02-5c8f-49b2-a80f-d96272963f8c	a1f8c572-65dc-42bf-81e1-a3bfda5b84f1	77487610-5f0b-4466-9dad-3ac66299a157
8ca4cfdf-064f-44d0-9d4d-fa0ebe2ff610	14363753-f437-4f38-9078-f0a42b2530ec	77487610-5f0b-4466-9dad-3ac66299a157
3c6e25e2-1e5d-4987-af20-eb47a28fea7a	c28dcac5-4499-4ce5-83ae-ca6c94d5b5fa	77487610-5f0b-4466-9dad-3ac66299a157
7fa93ea6-0c3d-429a-87fb-394374c920bf	f16da057-c6bb-42c4-9cee-d7c7a6252383	77487610-5f0b-4466-9dad-3ac66299a157
9d0ff0d2-ed59-462f-a7cc-d8b0b3080381	31618f5c-ba1a-45bf-87dd-43b4a7aa6119	77487610-5f0b-4466-9dad-3ac66299a157
ad059739-c83a-4dfe-9dfe-f9b5a4725d06	66fb04c1-d903-4324-b284-52c90b465c90	77487610-5f0b-4466-9dad-3ac66299a157
dd273369-ae3c-4f1f-aaf3-7d8e80e68589	f5285bea-2f61-47e2-8108-7ac7ce5ea379	77487610-5f0b-4466-9dad-3ac66299a157
f9c61d12-835c-48a7-9f4a-2e8cac40b565	aa8f1efa-01fa-4134-83e3-02e0a276c357	77487610-5f0b-4466-9dad-3ac66299a157
643f7e97-92e0-4de3-bebf-ac4eee3b9d23	33ade07b-41b1-499b-add8-9a008d0e47a1	77487610-5f0b-4466-9dad-3ac66299a157
2dd67bfa-53f1-47bb-8839-fee98859285d	d4148202-5388-4c6d-be7b-62a2195d5da7	77487610-5f0b-4466-9dad-3ac66299a157
dec35677-6c55-4bf3-b8f6-822cb78ad5fb	a94e7b05-8cd8-42b0-bb2c-935db53cae7c	77487610-5f0b-4466-9dad-3ac66299a157
e5615329-95e5-46ea-baa1-05bbb9d14394	f9dab602-cafb-4669-91f8-7c75ef8e8462	77487610-5f0b-4466-9dad-3ac66299a157
0380eb77-a424-42c5-9ed6-e6a9c211a3de	dae3e473-2eb8-4cc8-904e-466934a10f0e	77487610-5f0b-4466-9dad-3ac66299a157
2640959a-905d-4bc4-b94b-edf94166b985	471e8f31-3484-48b8-94c5-91b1b41b4f65	77487610-5f0b-4466-9dad-3ac66299a157
c6c5c56e-f031-4a8d-914b-dbaaad513000	69bacc37-7443-48cd-8bcc-82012f0428d9	77487610-5f0b-4466-9dad-3ac66299a157
46819be1-cae0-46f3-b1ca-355d60562747	3be9f7eb-0291-4095-9d0f-5536d5be46a4	0342259f-04f6-4d27-8927-c2c244071b77
db1d615a-6cb4-432b-a770-888e3cd6280d	1f8edec8-465c-4438-9887-8de008957cb9	0342259f-04f6-4d27-8927-c2c244071b77
eb9e31de-4cba-495f-9806-fc47213471c0	a610453a-73bf-428e-b0bd-783f8a4c16a6	0342259f-04f6-4d27-8927-c2c244071b77
eaac9ad2-ab7b-487f-badd-9664cb86b12b	91c67de8-5cee-4b49-974e-1edcf0630284	0342259f-04f6-4d27-8927-c2c244071b77
c158eeea-d29f-4ef6-a809-444ac6687265	33a06d9c-4a2c-44e3-9fe8-75c99917e05b	0342259f-04f6-4d27-8927-c2c244071b77
aebf6d99-f054-4bd3-89bc-14e6644d2c8a	8b39e7c7-f27a-48f0-aafd-5f72849f0190	0342259f-04f6-4d27-8927-c2c244071b77
11437fde-0a77-4b86-b546-1fe336db41d1	a5ce1219-36d4-4dec-a734-9abf56ea1bca	0342259f-04f6-4d27-8927-c2c244071b77
2bc3403a-329d-4a37-99e1-3fdc601c6982	5dbc0bc8-5f1e-4e2e-9b72-f24d03bba9e7	0342259f-04f6-4d27-8927-c2c244071b77
99ccb16d-80f2-4170-8352-48d52388b4d0	16706da4-8818-4966-a129-8a334eb2b30e	0342259f-04f6-4d27-8927-c2c244071b77
0371b9dc-2835-475d-9a8f-c6fadb7f45d5	3344f895-a6c4-4d86-af7d-bd3ff12b349a	0342259f-04f6-4d27-8927-c2c244071b77
eccbf59c-32a9-496d-962d-867d8f5bf476	547bcffa-2e6c-4752-8429-35e0b53b4728	77487610-5f0b-4466-9dad-3ac66299a157
31c5a647-7cfb-496e-8b9f-04b131f2d5cb	974a4c74-5f0f-4f75-bc49-d5c808d21e98	77487610-5f0b-4466-9dad-3ac66299a157
bbaae25e-7ab1-4399-9ce1-e6d9505a7baf	b15a709e-9912-4738-8d23-4fabafd12a3d	77487610-5f0b-4466-9dad-3ac66299a157
d40f1c46-d839-4a20-96d2-0ebe417cd408	b15a709e-9912-4738-8d23-4fabafd12a3d	c565908b-9de9-4111-9b43-29de0ade3210
83226695-39f2-42fc-b263-99607f4c097f	b15a709e-9912-4738-8d23-4fabafd12a3d	e3ce4def-ae26-4fc5-aebe-05af42218436
6fbf59e8-ef57-4918-9186-bc7d49eddd5a	b15a709e-9912-4738-8d23-4fabafd12a3d	3d2b1e11-f7dd-4f13-af3a-3ced929c4e21
df515c7a-94b5-4f05-b6ee-7cfee86acdd7	552b8905-2b1e-4704-b458-afdfa13e8479	77487610-5f0b-4466-9dad-3ac66299a157
5c564296-e394-48e8-8868-c12f72aaba56	b3923d25-01d4-40c1-a686-ed748059886e	77487610-5f0b-4466-9dad-3ac66299a157
7faa2768-845e-4176-9f75-c8df8186c930	72b96b3f-6d57-43ca-9afc-82fb6b6959fa	77487610-5f0b-4466-9dad-3ac66299a157
687e120b-1d6b-4e97-b8f0-67e1cffd4669	795838bc-3d9d-4d3c-b680-45d9cdb603fc	0342259f-04f6-4d27-8927-c2c244071b77
428583ea-a1b7-4381-a83e-6ccb028cc79c	0d5345c4-e03e-4893-9dde-91539ee9b125	77487610-5f0b-4466-9dad-3ac66299a157
debbbce4-a7a0-40cb-91fb-12b842cac04a	4d0d261b-13a5-419a-93b3-8b11f60e0dc1	77487610-5f0b-4466-9dad-3ac66299a157
0c07d4e2-922f-4844-ad13-494a83d66992	546c1ffe-0e34-4c21-abdf-ae40cd55884b	77487610-5f0b-4466-9dad-3ac66299a157
6bfc76a8-84b6-46ad-b18b-2e309c33446a	9fa6fdd2-b80a-4daa-bca8-d977ae62b7ca	77487610-5f0b-4466-9dad-3ac66299a157
b3cc15d9-71bc-4378-a1ab-336677778311	8e8291b6-f67f-4e37-99ce-f512b5c05e45	77487610-5f0b-4466-9dad-3ac66299a157
49a36b4d-25cd-4519-9d6a-c68b42075f82	b50a7b27-9116-4d66-b2f0-42fdbd143efd	77487610-5f0b-4466-9dad-3ac66299a157
b86ecf66-040c-4778-b254-577a753b123f	c1a60c23-b684-415a-9fda-c770a7c2112e	77487610-5f0b-4466-9dad-3ac66299a157
4c86cde4-d7aa-4da6-bc35-5a7da5bb8c2c	52e70d71-d45a-49db-aa67-65fa2396855c	77487610-5f0b-4466-9dad-3ac66299a157
828e7ead-56a5-4f75-9f89-0f995220da3f	782ae28d-465a-4f0f-9e18-c94c06e6f476	77487610-5f0b-4466-9dad-3ac66299a157
02eeacd2-b3df-411d-a7fc-a3cef09c0505	7afd5a25-692c-4246-a09a-8f1663bb45d7	77487610-5f0b-4466-9dad-3ac66299a157
e4a4335f-45d8-42d3-bfa7-f2da9fa4b3f4	dcee6be2-890d-4236-9ce8-097a1632df0c	77487610-5f0b-4466-9dad-3ac66299a157
5626df39-179a-4be6-9c64-37d7299d6d67	e9015377-bb59-41bf-97ed-3f1ab7235c44	77487610-5f0b-4466-9dad-3ac66299a157
18512472-9357-4b22-8f3d-834c53a26041	10c8d036-31d0-4cd4-a39f-575a6768641e	77487610-5f0b-4466-9dad-3ac66299a157
cf946505-038f-45b4-a79e-aa708ad412d8	766bc3e3-389a-4536-a340-17b5ec7182af	77487610-5f0b-4466-9dad-3ac66299a157
0e21fb00-9e83-44cb-9766-55e0bbaec067	28a8d0d5-691e-496f-8bb8-5c65b66522c9	77487610-5f0b-4466-9dad-3ac66299a157
95862fe8-7856-4625-9810-a3633dd6f13b	994a9c86-8c57-4088-897b-ed99319b8ca2	77487610-5f0b-4466-9dad-3ac66299a157
fbccf199-e35a-4d27-a1bc-7e2d3b9c95f0	677da173-9a2d-4f81-a9b2-4403aa336dd4	77487610-5f0b-4466-9dad-3ac66299a157
983f399e-ccab-434b-a0e0-1a6e637709be	e23a2ba4-50d2-4265-b2e1-d70f35f02fec	77487610-5f0b-4466-9dad-3ac66299a157
f9fa73de-06b0-4e85-b93a-a73df4cd7480	211fd82f-4803-44c1-9bf6-5da17cca0267	77487610-5f0b-4466-9dad-3ac66299a157
a1cc2219-ca6b-444a-8f48-5b68af209688	09552ba4-874c-40d3-9a68-8d91adf01d14	77487610-5f0b-4466-9dad-3ac66299a157
646c84c0-9a5a-4a0b-a920-85290f17d5b4	c1ea9c44-dd49-4a61-9376-473b5b08a0bc	77487610-5f0b-4466-9dad-3ac66299a157
a70fa0f3-f238-432c-b53a-455bc0354d24	11b870c2-e990-442d-84af-b4c1a412f7b4	77487610-5f0b-4466-9dad-3ac66299a157
2b2923c7-b475-432c-bbe2-2574440ec14e	fd10defc-9700-47c0-9ba4-d2fb7aafc638	77487610-5f0b-4466-9dad-3ac66299a157
a4e76c56-1025-4af3-9b1b-afe96b75b267	17e3aef9-ce69-4d9a-b813-f849acb1a347	77487610-5f0b-4466-9dad-3ac66299a157
46661bf8-b040-4db7-8ecb-7c029a7dd99f	7ac85743-5a8f-478b-a3f5-3d7b676cda54	77487610-5f0b-4466-9dad-3ac66299a157
2cb95d38-dd3b-4615-b847-acb55af5e631	2f83a914-203f-46e5-91b0-d4fc1e4de4a8	77487610-5f0b-4466-9dad-3ac66299a157
de8bf76a-d5f8-458b-bf80-eb2eff60fc98	08da4c45-5820-4753-bcc2-95e9a5fbbd01	77487610-5f0b-4466-9dad-3ac66299a157
df9520a0-1462-4137-a169-80675f55d58f	34d02006-ca43-4034-aba3-73509dc900aa	77487610-5f0b-4466-9dad-3ac66299a157
186dee87-819c-49a9-a405-f54e87db0eff	ba5b6833-9c92-49eb-bc4f-929a1e54eee6	77487610-5f0b-4466-9dad-3ac66299a157
e4993fd7-055c-4f83-9d7b-29a2f31ce206	59178b53-05c5-40b6-a10a-a27cd8f7b70d	77487610-5f0b-4466-9dad-3ac66299a157
c48a686f-7ebe-4f9e-b8a3-9e7b36f80985	921f1ebd-9909-49f4-9872-6473f03f3c81	77487610-5f0b-4466-9dad-3ac66299a157
0fbf8ec2-5617-4cde-9214-7c868c29f3fd	8b4d69c1-4dd7-4627-adca-db99fd280741	77487610-5f0b-4466-9dad-3ac66299a157
aecdda07-e935-49eb-bda9-8ab2b120cbdb	11263865-ac97-478d-a0ee-be5493b5500c	77487610-5f0b-4466-9dad-3ac66299a157
c21f13be-f485-48fc-8087-eaee4c913b5c	44b86145-86ad-4026-8ea6-e4f7991d3be7	77487610-5f0b-4466-9dad-3ac66299a157
ffcbe530-75b2-4a20-9580-fed9b5a8bd1e	9e18ae33-c20a-467c-aea3-dc8b584abc53	77487610-5f0b-4466-9dad-3ac66299a157
144fdf45-9dcf-4e12-89e7-913c8f338e94	27d627ac-828e-4bd6-b03a-011aa847325f	77487610-5f0b-4466-9dad-3ac66299a157
226985c4-cfc6-400c-a4de-371107cfb4e2	2246e862-7337-4756-8a91-1fb6adfcbd24	77487610-5f0b-4466-9dad-3ac66299a157
bde4b68b-533a-45d7-bfb6-4954a3e87eda	127621bf-47e2-464e-bd96-18c4552402ac	77487610-5f0b-4466-9dad-3ac66299a157
f3bc5104-f29d-428e-96f9-0d95cdc47785	ee83e9a3-0923-4d8a-a142-011ee79dda68	77487610-5f0b-4466-9dad-3ac66299a157
1f311257-1e91-4a0e-b231-2e07a8329b60	851ef59c-c0e4-4151-a588-9b5db9972810	77487610-5f0b-4466-9dad-3ac66299a157
54c202c6-b183-44f5-9c21-686f155723d1	7e1fda02-13a0-493d-bc78-c6ef6170b8ae	77487610-5f0b-4466-9dad-3ac66299a157
e57d3070-3d52-44eb-b4bb-4def4e83a9d6	65477d19-72e2-4bf3-a6d6-ae484f117ed5	77487610-5f0b-4466-9dad-3ac66299a157
e78b0ac7-9223-4ee4-885f-9ce1a8aeb69b	2daaf3ec-d8fd-47ff-a620-2ba211895337	77487610-5f0b-4466-9dad-3ac66299a157
dda02dc9-c1eb-4812-8ada-860f21586c7c	0e480856-dcd3-4c66-9416-4282f6fc4d23	77487610-5f0b-4466-9dad-3ac66299a157
9a162c51-0e2d-4680-8c0c-c774bafd6639	a98d4b8c-5668-4d91-9459-e71bfd698b6d	77487610-5f0b-4466-9dad-3ac66299a157
238cfcb9-21f7-4c87-af47-82aede895453	7f363e5c-5060-4244-8b22-d886dd473453	77487610-5f0b-4466-9dad-3ac66299a157
1e6768e2-6c54-4354-b099-1dc6d4441cc1	b1b5d165-3512-4fd1-8bbc-e58ea934a3c0	77487610-5f0b-4466-9dad-3ac66299a157
a9e70032-d254-4624-972b-d66418adfeb3	0baf0280-7378-45ce-9e3c-354e4224e725	77487610-5f0b-4466-9dad-3ac66299a157
defef8c7-b207-43d5-abfd-415e03a7f61c	03965c08-ca96-499c-b781-445135eaa7da	0342259f-04f6-4d27-8927-c2c244071b77
d985cb0d-638d-4110-ad1a-00778142bb3d	a85e1862-267c-421c-b4ad-a25128226144	77487610-5f0b-4466-9dad-3ac66299a157
96ecc32c-9a19-495a-916f-491a92ebc090	d8419fa0-b64d-4f1d-8c54-26dbadb5f936	77487610-5f0b-4466-9dad-3ac66299a157
71a913b1-5387-4d58-b163-c4ceb4ad597d	dfc869ff-0c83-41f0-ab5e-f1f4837ddf5e	77487610-5f0b-4466-9dad-3ac66299a157
7e3f983b-19cd-4599-a760-5573f2857f9e	ef4f3df5-ee21-42a8-a8ae-b802448e6de4	77487610-5f0b-4466-9dad-3ac66299a157
6f5b22da-1efd-405e-bb4e-df56687c3812	1cd88f3d-4fb0-4c06-8dd5-a587722a2ba3	77487610-5f0b-4466-9dad-3ac66299a157
cd893af8-9344-4101-b589-f90e109d3a6a	508fd181-7998-4f3f-9122-e034713b5b80	77487610-5f0b-4466-9dad-3ac66299a157
8fa72bb5-615d-46c3-b750-c22d62a860dd	6fbd8499-1d6d-4dd3-96d3-539e7fe8e878	77487610-5f0b-4466-9dad-3ac66299a157
9780a3da-660a-44a4-bd2e-ca32a5ced236	8209a69e-3c3c-4c69-a0db-bc7143f3bbe3	77487610-5f0b-4466-9dad-3ac66299a157
4d7a7622-3c4e-40ef-943c-252ca05f57f8	7ff24d17-d98f-46f9-8d93-899f632cedba	77487610-5f0b-4466-9dad-3ac66299a157
8f69056e-3335-4b85-b86f-8b18554a431c	5992b28d-63df-4829-adee-4a5260194a0a	77487610-5f0b-4466-9dad-3ac66299a157
8c2cdb51-7fb2-48e2-80fd-6d9b1fac6309	facf00c0-0209-44ce-9fb0-c58da32d3790	77487610-5f0b-4466-9dad-3ac66299a157
fc813fe4-5adf-467f-a63e-639463a6183e	22b03e95-e64f-4208-ab8e-2c10548be8a2	77487610-5f0b-4466-9dad-3ac66299a157
61501a91-d0e4-4d3a-81ec-7b4bb027ee0c	74031a9e-2fe2-421d-a350-58c95643d043	77487610-5f0b-4466-9dad-3ac66299a157
026188e9-cef5-4efd-8afe-ec723bc05667	9d4b7bcb-a6ea-4ad8-8ef1-cc993671cb85	77487610-5f0b-4466-9dad-3ac66299a157
5bf0128b-8b2a-4cf9-ab42-562e6a33e3a0	2df0c781-0ee9-4d11-a73a-8eaae3e929ec	77487610-5f0b-4466-9dad-3ac66299a157
2eed2134-b440-4c78-86dc-a967f96a1ed3	6c0444e3-a36a-4828-96ce-180eef97668a	77487610-5f0b-4466-9dad-3ac66299a157
49181a7c-2b8f-4b02-8a38-03447c3d8625	961ec2f7-547b-4f42-9496-31ed8e7909d3	77487610-5f0b-4466-9dad-3ac66299a157
3f2aea15-3c6c-4eca-8265-1227f22f3dac	87a77c0e-f759-4eb1-9c90-1c7fc1012212	77487610-5f0b-4466-9dad-3ac66299a157
dd877b8a-7aed-4508-8856-5b8cdf1e4870	e75d680b-3509-43b6-8d53-ccca62ae5ab7	77487610-5f0b-4466-9dad-3ac66299a157
443b6224-e4a0-419a-ac33-efcc4c89727c	1c472108-8425-466b-bbe9-69f4bd57da0d	77487610-5f0b-4466-9dad-3ac66299a157
ae9df3da-4715-44a2-8cac-a4ca87c76529	130faf59-ab4c-4530-b181-52c1e0c6d876	77487610-5f0b-4466-9dad-3ac66299a157
67eb9762-1eea-4baa-be76-d829a3984883	1780aeb7-b312-4beb-a2df-9a11594a8b21	77487610-5f0b-4466-9dad-3ac66299a157
8a1049db-4df9-4489-abe8-04d4caed8fbf	38fe8687-fc37-4a56-976f-c8189d876860	77487610-5f0b-4466-9dad-3ac66299a157
e8fb3e11-6784-43be-ad58-d5068a7522b7	e954b346-dfa7-4065-90ae-9986a40fc089	77487610-5f0b-4466-9dad-3ac66299a157
cc90c74e-74ca-4213-bf9b-fca4be8d04cf	ebb52115-3899-4747-b0ca-dc2395d43f4c	77487610-5f0b-4466-9dad-3ac66299a157
2d71761d-91a5-4af5-be9f-8a5b69b0b95d	3538f57f-d2b6-43e0-9604-e5be8bc37de8	77487610-5f0b-4466-9dad-3ac66299a157
8fed0572-7886-4fcb-b464-b15306f7ec53	a6163285-2aa0-4151-81b1-c5562f2434fa	77487610-5f0b-4466-9dad-3ac66299a157
026fdf91-2d9c-42be-b04d-d38400913bf3	3fb21722-7ee7-4ea6-97e6-f9725cb20122	77487610-5f0b-4466-9dad-3ac66299a157
5da5b369-6edd-4ce4-a695-4e1e0e3da77a	6a0fd999-33b3-432b-a14f-55c15a2e8350	77487610-5f0b-4466-9dad-3ac66299a157
990aa269-8e0a-476d-ad3b-9adbcc3adbac	8aec8d45-7134-4e64-965c-3140d6c0a560	77487610-5f0b-4466-9dad-3ac66299a157
acc54202-e78d-492e-9ef8-2bbcde467cac	07a0e464-eb47-4679-8feb-cb6a9149cb29	77487610-5f0b-4466-9dad-3ac66299a157
32e2d41d-0e76-4ee1-aee2-392b4770bc7a	b380afae-5906-43ad-9243-62cc4a6637f4	77487610-5f0b-4466-9dad-3ac66299a157
4366ff53-32e0-414c-b589-3a5c86dc98ae	5824355d-efe5-461c-b4f6-517697880c36	77487610-5f0b-4466-9dad-3ac66299a157
a0b3fa60-6c21-47d1-adb6-ce506bed3dc7	83e20fde-de9f-492b-ac0d-6f11a3180617	77487610-5f0b-4466-9dad-3ac66299a157
b75d964a-0037-48a5-a4c6-00f1d0b8bd55	fc70b880-1b61-4d7f-b05e-a57f0540e08b	77487610-5f0b-4466-9dad-3ac66299a157
94fb7c5f-0f56-4402-9040-d7de01ad40a9	4cd7b4f9-ee76-4cd6-9ca6-9a4592a7854a	77487610-5f0b-4466-9dad-3ac66299a157
71bd66e5-ff19-4683-b643-b4b3edf4cb00	ced4f6a1-82ab-4d22-981c-374dbcbbbfa9	77487610-5f0b-4466-9dad-3ac66299a157
43c9eafd-0218-4de5-b13c-e11c07995c82	ab0f5dd7-29f4-4351-8b3c-556e167ab39a	77487610-5f0b-4466-9dad-3ac66299a157
8551d1d6-ef0b-4b06-b9f0-95f66afd34bb	20b50e10-4d34-41b9-8a15-c074cc408ded	77487610-5f0b-4466-9dad-3ac66299a157
6fd5fcce-77fe-4bbf-86bd-ae430af9ee6e	14999366-dc60-4479-b39b-337be5020efb	77487610-5f0b-4466-9dad-3ac66299a157
be39cd2e-9aaa-4041-a4af-bb6a04177754	de526c6b-a5a4-499e-81c8-c789263418fa	77487610-5f0b-4466-9dad-3ac66299a157
998555ad-52bf-4415-9669-b4ce265f0646	28e39ae2-c714-4ae8-8a22-914dd696c218	77487610-5f0b-4466-9dad-3ac66299a157
1e104f0c-6ac3-4b2d-a1e8-a273fe709aa4	7d682463-b7e9-4174-9e9e-133330e1e4b9	77487610-5f0b-4466-9dad-3ac66299a157
\.


--
-- Data for Name: pme_reportingfrequency; Type: TABLE DATA; Schema: public; Owner: itcadmin
--

COPY public.pme_reportingfrequency (id, name, short_code, description, months_interval) FROM stdin;
fc7cecbd-685e-43d3-af14-36b23b02cf7a	Quarterly	Quarterly	Quarterly	4
46e875fa-f5aa-4ceb-9323-dbbd36f0cc28	Trimestral	Trimestral	3 months	3
\.


--
-- Data for Name: pme_reportingperiod; Type: TABLE DATA; Schema: public; Owner: itcadmin
--

COPY public.pme_reportingperiod (id, period_number, start_date, end_date, deadline, document_id) FROM stdin;
9bdf0cf7-f109-4d8f-b0cb-1a3ee101826b	1	2021-01-01	2021-04-30	2021-04-30	efb3ba83-4f28-4974-9616-e623114055e6
1aaa2c19-f499-44e8-8e63-e365763a2fca	2	2021-05-01	2021-08-31	2021-08-31	efb3ba83-4f28-4974-9616-e623114055e6
12768f05-8861-4fa1-a264-0e3359d0b00a	3	2021-09-01	2021-12-31	2021-12-31	efb3ba83-4f28-4974-9616-e623114055e6
a470e3d3-0a05-49a5-b30e-17ef9b263d85	4	2022-01-01	2022-04-30	2022-04-30	efb3ba83-4f28-4974-9616-e623114055e6
293a5acd-d61e-4b6f-8200-a635bdcc9a30	5	2022-05-01	2022-08-31	2022-08-31	efb3ba83-4f28-4974-9616-e623114055e6
038cae91-02d5-42dd-a78d-11f720e80662	6	2022-09-01	2022-12-31	2022-12-31	efb3ba83-4f28-4974-9616-e623114055e6
2b9323ef-99ae-419f-b93c-feb998223fd0	7	2023-01-01	2023-04-30	2023-04-30	efb3ba83-4f28-4974-9616-e623114055e6
206d74a8-c228-4024-8d0f-c345a45b4c2a	8	2023-05-01	2023-08-31	2023-08-31	efb3ba83-4f28-4974-9616-e623114055e6
a336e292-d377-4e84-8895-a2ed6a51b03c	9	2023-09-01	2023-12-31	2023-12-31	efb3ba83-4f28-4974-9616-e623114055e6
b99bb9c8-4616-4fec-9684-01a3d16e5716	10	2024-01-01	2024-04-30	2024-04-30	efb3ba83-4f28-4974-9616-e623114055e6
ab06214e-14c2-4ff6-a870-3c959da6e5e2	11	2024-05-01	2024-08-31	2024-08-31	efb3ba83-4f28-4974-9616-e623114055e6
d31ef913-96c0-4be4-b5c6-efd2ea7aceee	12	2024-09-01	2024-12-31	2024-12-31	efb3ba83-4f28-4974-9616-e623114055e6
5df5e493-d20a-417a-b667-b4e1330af678	13	2025-01-01	2025-04-30	2025-04-30	efb3ba83-4f28-4974-9616-e623114055e6
02b2b435-b348-441a-8b48-cfe457e191bc	14	2025-05-01	2025-08-31	2025-08-31	efb3ba83-4f28-4974-9616-e623114055e6
67200666-e4f8-4646-9e0a-9b4b6e9bb8d2	15	2025-09-01	2025-12-31	2025-12-31	efb3ba83-4f28-4974-9616-e623114055e6
136c8579-ede2-458d-85f1-c15a412198c7	16	2026-01-01	2026-04-30	2026-04-30	efb3ba83-4f28-4974-9616-e623114055e6
c80890aa-eac9-4cd6-8dde-a68e19df6051	17	2026-05-01	2026-08-31	2026-08-31	efb3ba83-4f28-4974-9616-e623114055e6
b0c9ba3b-4f5c-465f-a6d3-808eff990c14	18	2026-09-01	2026-12-31	2026-12-31	efb3ba83-4f28-4974-9616-e623114055e6
\.


--
-- Data for Name: pme_template; Type: TABLE DATA; Schema: public; Owner: itcadmin
--

COPY public.pme_template (id, name, short_code, description, created_at, updated_at) FROM stdin;
5689db78-879c-4e13-aa1f-8b31c699a5fc	Strategic Plan	Strat Plan	Strategic Plan	2026-04-13 05:40:21.414541+00	2026-04-13 05:40:21.414553+00
0c41cf90-5ec0-472f-a0ce-025b0d22d6fc	Performance Budget Monitoring System	PBMS		2026-04-13 06:33:24.678041+00	2026-04-14 03:55:36.620565+00
\.


--
-- Data for Name: pme_templatenodetype; Type: TABLE DATA; Schema: public; Owner: itcadmin
--

COPY public.pme_templatenodetype (id, name, short_code, description, "order", is_parent, template_id) FROM stdin;
6877fa1a-2b04-4124-881c-b9f3be04cd41	Objective	Objective		0	f	5689db78-879c-4e13-aa1f-8b31c699a5fc
6338b194-9a67-4e13-a68d-d7da970b1963	Performance Measure	Performance Measure		2	t	5689db78-879c-4e13-aa1f-8b31c699a5fc
1f3ff384-32fd-45ff-ac21-7803360e5901	Program	Program		0	t	0c41cf90-5ec0-472f-a0ce-025b0d22d6fc
10cceea4-7539-4995-982b-de14c9d44ec8	Strategic Result Area	1	Strategic Result Area	1	t	5689db78-879c-4e13-aa1f-8b31c699a5fc
28c9d00c-28d0-4999-bef0-4aab1a73d187	Performance Indicator	Performance Indicator		1	t	0c41cf90-5ec0-472f-a0ce-025b0d22d6fc
4245129f-3aee-40c7-abe7-dce6d185dd6b	Performance Indicator Description	Performance Indicator Description		3	t	0c41cf90-5ec0-472f-a0ce-025b0d22d6fc
\.


--
-- Data for Name: token_blacklist_blacklistedtoken; Type: TABLE DATA; Schema: public; Owner: itcadmin
--

COPY public.token_blacklist_blacklistedtoken (id, blacklisted_at, token_id) FROM stdin;
1	2026-04-13 05:26:10.480374+00	1
2	2026-04-13 06:43:13.966728+00	2
3	2026-04-13 14:05:10.276852+00	3
4	2026-06-15 09:34:55.070488+00	6
\.


--
-- Data for Name: token_blacklist_outstandingtoken; Type: TABLE DATA; Schema: public; Owner: itcadmin
--

COPY public.token_blacklist_outstandingtoken (id, token, created_at, expires_at, user_id, jti) FROM stdin;
1	eyJhbGciOiJIUzI1NiIsInR5cCI6IkpXVCJ9.eyJ0b2tlbl90eXBlIjoicmVmcmVzaCIsImV4cCI6MTc3NjY2Mjc0OCwiaWF0IjoxNzc2MDU3OTQ4LCJqdGkiOiJhNTZhMTY3ZDE1MzY0MGZlYTMxZjNkMzdmODhhNzU3MyIsInVzZXJfaWQiOiJlNTlmMGNlOC1jNWIxLTQ2MWMtYTg0Yy02ZTIxOWUwZDVlNjMifQ.B_GY_U1As3s3uY4lGrRxisrm8u1-K3AJ6Fy91a2ul7s	2026-04-13 05:25:48.568378+00	2026-04-20 05:25:48+00	e59f0ce8-c5b1-461c-a84c-6e219e0d5e63	a56a167d153640fea31f3d37f88a7573
2	eyJhbGciOiJIUzI1NiIsInR5cCI6IkpXVCJ9.eyJ0b2tlbl90eXBlIjoicmVmcmVzaCIsImV4cCI6MTc3NjY2MjgzMSwiaWF0IjoxNzc2MDU4MDMxLCJqdGkiOiIzNDVjMGYyNDYyMDc0YTVjOWQ1YmYyYWQ5YWRhYTk0MyIsInVzZXJfaWQiOiJlNTlmMGNlOC1jNWIxLTQ2MWMtYTg0Yy02ZTIxOWUwZDVlNjMifQ.vqe48mzd_yDdmwUlM3ZxYXmUqePZnYNVUL4fJwdtgz4	2026-04-13 05:27:11.007958+00	2026-04-20 05:27:11+00	e59f0ce8-c5b1-461c-a84c-6e219e0d5e63	345c0f2462074a5c9d5bf2ad9adaa943
3	eyJhbGciOiJIUzI1NiIsInR5cCI6IkpXVCJ9.eyJ0b2tlbl90eXBlIjoicmVmcmVzaCIsImV4cCI6MTc3NjY2NzQwNSwiaWF0IjoxNzc2MDYyNjA1LCJqdGkiOiJhMzM5NzU2NTUxOTY0YzY3YTg0YmJmY2Q2MDQwNGYxZSIsInVzZXJfaWQiOiIxM2M4YjFhZi1iNTE5LTQ5MjYtYjA3NS04NDg2NTc0OGEzOGQifQ.xbnmWbPa0CSzfUoFkrInD32YljXv0SvLIVuNrZ0apXs	2026-04-13 06:43:25.571691+00	2026-04-20 06:43:25+00	13c8b1af-b519-4926-b075-84865748a38d	a339756551964c67a84bbfcd60404f1e
4	eyJhbGciOiJIUzI1NiIsInR5cCI6IkpXVCJ9.eyJ0b2tlbl90eXBlIjoicmVmcmVzaCIsImV4cCI6MTc3NjY5NTQ0OSwiaWF0IjoxNzc2MDkwNjQ5LCJqdGkiOiIxOGNiZWNkZDZhNTQ0NjMxYjgwMGQ0MTkyZTYxODBiYSIsInVzZXJfaWQiOiJlNTlmMGNlOC1jNWIxLTQ2MWMtYTg0Yy02ZTIxOWUwZDVlNjMifQ.kXhb3lJoW9_H2cC2Q2QsYjRjZx_sGuY3lGREW6N7cAE	2026-04-13 14:30:49.875123+00	2026-04-20 14:30:49+00	e59f0ce8-c5b1-461c-a84c-6e219e0d5e63	18cbecdd6a544631b800d4192e6180ba
5	eyJhbGciOiJIUzI1NiIsInR5cCI6IkpXVCJ9.eyJ0b2tlbl90eXBlIjoicmVmcmVzaCIsImV4cCI6MTc3ODUwOTMzOCwiaWF0IjoxNzc3OTA0NTM4LCJqdGkiOiI0NzQwMWVkOWZlMGQ0NDUzODIwODZlYTE5ODAzM2I2MiIsInVzZXJfaWQiOiJlNTlmMGNlOC1jNWIxLTQ2MWMtYTg0Yy02ZTIxOWUwZDVlNjMifQ.EJPlfYLH0CVIJcNRXJmVIKHDETrkQfMMetA6AZTqGlo	2026-05-04 14:22:18.946522+00	2026-05-11 14:22:18+00	e59f0ce8-c5b1-461c-a84c-6e219e0d5e63	47401ed9fe0d445382086ea198033b62
6	eyJhbGciOiJIUzI1NiIsInR5cCI6IkpXVCJ9.eyJ0b2tlbl90eXBlIjoicmVmcmVzaCIsImV4cCI6MTc4MjEwOTY0MSwiaWF0IjoxNzgxNTA0ODQxLCJqdGkiOiJjMTI3MzQ1NTU1ZjE0ZWRkYjcwYWMwZmQxYjM1MzFkNSIsInVzZXJfaWQiOiJlNTlmMGNlOC1jNWIxLTQ2MWMtYTg0Yy02ZTIxOWUwZDVlNjMifQ.6_-spzI2ttJ9wGi5wqk_GTCxLRSG_NtzrclUzeHWJZY	2026-06-15 06:27:21.459895+00	2026-06-22 06:27:21+00	e59f0ce8-c5b1-461c-a84c-6e219e0d5e63	c127345555f14eddb70ac0fd1b3531d5
\.


--
-- Name: auth_group_id_seq; Type: SEQUENCE SET; Schema: public; Owner: itcadmin
--

SELECT pg_catalog.setval('public.auth_group_id_seq', 1, false);


--
-- Name: auth_group_permissions_id_seq; Type: SEQUENCE SET; Schema: public; Owner: itcadmin
--

SELECT pg_catalog.setval('public.auth_group_permissions_id_seq', 1, false);


--
-- Name: auth_permission_id_seq; Type: SEQUENCE SET; Schema: public; Owner: itcadmin
--

SELECT pg_catalog.setval('public.auth_permission_id_seq', 84, true);


--
-- Name: authentication_user_groups_id_seq; Type: SEQUENCE SET; Schema: public; Owner: itcadmin
--

SELECT pg_catalog.setval('public.authentication_user_groups_id_seq', 1, false);


--
-- Name: authentication_user_user_permissions_id_seq; Type: SEQUENCE SET; Schema: public; Owner: itcadmin
--

SELECT pg_catalog.setval('public.authentication_user_user_permissions_id_seq', 1, false);


--
-- Name: django_admin_log_id_seq; Type: SEQUENCE SET; Schema: public; Owner: itcadmin
--

SELECT pg_catalog.setval('public.django_admin_log_id_seq', 305, true);


--
-- Name: django_content_type_id_seq; Type: SEQUENCE SET; Schema: public; Owner: itcadmin
--

SELECT pg_catalog.setval('public.django_content_type_id_seq', 21, true);


--
-- Name: django_migrations_id_seq; Type: SEQUENCE SET; Schema: public; Owner: itcadmin
--

SELECT pg_catalog.setval('public.django_migrations_id_seq', 35, true);


--
-- Name: token_blacklist_blacklistedtoken_id_seq; Type: SEQUENCE SET; Schema: public; Owner: itcadmin
--

SELECT pg_catalog.setval('public.token_blacklist_blacklistedtoken_id_seq', 4, true);


--
-- Name: token_blacklist_outstandingtoken_id_seq; Type: SEQUENCE SET; Schema: public; Owner: itcadmin
--

SELECT pg_catalog.setval('public.token_blacklist_outstandingtoken_id_seq', 6, true);


--
-- Name: auth_group auth_group_name_key; Type: CONSTRAINT; Schema: public; Owner: itcadmin
--

ALTER TABLE ONLY public.auth_group
    ADD CONSTRAINT auth_group_name_key UNIQUE (name);


--
-- Name: auth_group_permissions auth_group_permissions_group_id_permission_id_0cd325b0_uniq; Type: CONSTRAINT; Schema: public; Owner: itcadmin
--

ALTER TABLE ONLY public.auth_group_permissions
    ADD CONSTRAINT auth_group_permissions_group_id_permission_id_0cd325b0_uniq UNIQUE (group_id, permission_id);


--
-- Name: auth_group_permissions auth_group_permissions_pkey; Type: CONSTRAINT; Schema: public; Owner: itcadmin
--

ALTER TABLE ONLY public.auth_group_permissions
    ADD CONSTRAINT auth_group_permissions_pkey PRIMARY KEY (id);


--
-- Name: auth_group auth_group_pkey; Type: CONSTRAINT; Schema: public; Owner: itcadmin
--

ALTER TABLE ONLY public.auth_group
    ADD CONSTRAINT auth_group_pkey PRIMARY KEY (id);


--
-- Name: auth_permission auth_permission_content_type_id_codename_01ab375a_uniq; Type: CONSTRAINT; Schema: public; Owner: itcadmin
--

ALTER TABLE ONLY public.auth_permission
    ADD CONSTRAINT auth_permission_content_type_id_codename_01ab375a_uniq UNIQUE (content_type_id, codename);


--
-- Name: auth_permission auth_permission_pkey; Type: CONSTRAINT; Schema: public; Owner: itcadmin
--

ALTER TABLE ONLY public.auth_permission
    ADD CONSTRAINT auth_permission_pkey PRIMARY KEY (id);


--
-- Name: authentication_user authentication_user_email_key; Type: CONSTRAINT; Schema: public; Owner: itcadmin
--

ALTER TABLE ONLY public.authentication_user
    ADD CONSTRAINT authentication_user_email_key UNIQUE (email);


--
-- Name: authentication_user_groups authentication_user_groups_pkey; Type: CONSTRAINT; Schema: public; Owner: itcadmin
--

ALTER TABLE ONLY public.authentication_user_groups
    ADD CONSTRAINT authentication_user_groups_pkey PRIMARY KEY (id);


--
-- Name: authentication_user_groups authentication_user_groups_user_id_group_id_8af031ac_uniq; Type: CONSTRAINT; Schema: public; Owner: itcadmin
--

ALTER TABLE ONLY public.authentication_user_groups
    ADD CONSTRAINT authentication_user_groups_user_id_group_id_8af031ac_uniq UNIQUE (user_id, group_id);


--
-- Name: authentication_user authentication_user_pkey; Type: CONSTRAINT; Schema: public; Owner: itcadmin
--

ALTER TABLE ONLY public.authentication_user
    ADD CONSTRAINT authentication_user_pkey PRIMARY KEY (id);


--
-- Name: authentication_user_user_permissions authentication_user_user_permissions_pkey; Type: CONSTRAINT; Schema: public; Owner: itcadmin
--

ALTER TABLE ONLY public.authentication_user_user_permissions
    ADD CONSTRAINT authentication_user_user_permissions_pkey PRIMARY KEY (id);


--
-- Name: authentication_user_user_permissions authentication_user_user_user_id_permission_id_ec51b09f_uniq; Type: CONSTRAINT; Schema: public; Owner: itcadmin
--

ALTER TABLE ONLY public.authentication_user_user_permissions
    ADD CONSTRAINT authentication_user_user_user_id_permission_id_ec51b09f_uniq UNIQUE (user_id, permission_id);


--
-- Name: core_profile core_profile_pkey; Type: CONSTRAINT; Schema: public; Owner: itcadmin
--

ALTER TABLE ONLY public.core_profile
    ADD CONSTRAINT core_profile_pkey PRIMARY KEY (id);


--
-- Name: core_profile core_profile_user_id_key; Type: CONSTRAINT; Schema: public; Owner: itcadmin
--

ALTER TABLE ONLY public.core_profile
    ADD CONSTRAINT core_profile_user_id_key UNIQUE (user_id);


--
-- Name: core_unit core_unit_pkey; Type: CONSTRAINT; Schema: public; Owner: itcadmin
--

ALTER TABLE ONLY public.core_unit
    ADD CONSTRAINT core_unit_pkey PRIMARY KEY (id);


--
-- Name: core_unit core_unit_short_code_key; Type: CONSTRAINT; Schema: public; Owner: itcadmin
--

ALTER TABLE ONLY public.core_unit
    ADD CONSTRAINT core_unit_short_code_key UNIQUE (short_code);


--
-- Name: core_unitofmeasure core_unitofmeasure_pkey; Type: CONSTRAINT; Schema: public; Owner: itcadmin
--

ALTER TABLE ONLY public.core_unitofmeasure
    ADD CONSTRAINT core_unitofmeasure_pkey PRIMARY KEY (id);


--
-- Name: core_unitofmeasure core_unitofmeasure_short_code_key; Type: CONSTRAINT; Schema: public; Owner: itcadmin
--

ALTER TABLE ONLY public.core_unitofmeasure
    ADD CONSTRAINT core_unitofmeasure_short_code_key UNIQUE (short_code);


--
-- Name: core_userunit core_userunit_pkey; Type: CONSTRAINT; Schema: public; Owner: itcadmin
--

ALTER TABLE ONLY public.core_userunit
    ADD CONSTRAINT core_userunit_pkey PRIMARY KEY (id);


--
-- Name: core_userunit core_userunit_user_id_unit_id_44e67fa1_uniq; Type: CONSTRAINT; Schema: public; Owner: itcadmin
--

ALTER TABLE ONLY public.core_userunit
    ADD CONSTRAINT core_userunit_user_id_unit_id_44e67fa1_uniq UNIQUE (user_id, unit_id);


--
-- Name: django_admin_log django_admin_log_pkey; Type: CONSTRAINT; Schema: public; Owner: itcadmin
--

ALTER TABLE ONLY public.django_admin_log
    ADD CONSTRAINT django_admin_log_pkey PRIMARY KEY (id);


--
-- Name: django_content_type django_content_type_app_label_model_76bd3d3b_uniq; Type: CONSTRAINT; Schema: public; Owner: itcadmin
--

ALTER TABLE ONLY public.django_content_type
    ADD CONSTRAINT django_content_type_app_label_model_76bd3d3b_uniq UNIQUE (app_label, model);


--
-- Name: django_content_type django_content_type_pkey; Type: CONSTRAINT; Schema: public; Owner: itcadmin
--

ALTER TABLE ONLY public.django_content_type
    ADD CONSTRAINT django_content_type_pkey PRIMARY KEY (id);


--
-- Name: django_migrations django_migrations_pkey; Type: CONSTRAINT; Schema: public; Owner: itcadmin
--

ALTER TABLE ONLY public.django_migrations
    ADD CONSTRAINT django_migrations_pkey PRIMARY KEY (id);


--
-- Name: django_session django_session_pkey; Type: CONSTRAINT; Schema: public; Owner: itcadmin
--

ALTER TABLE ONLY public.django_session
    ADD CONSTRAINT django_session_pkey PRIMARY KEY (session_key);


--
-- Name: pme_document pme_document_pkey; Type: CONSTRAINT; Schema: public; Owner: itcadmin
--

ALTER TABLE ONLY public.pme_document
    ADD CONSTRAINT pme_document_pkey PRIMARY KEY (id);


--
-- Name: pme_initiative pme_initiative_pkey; Type: CONSTRAINT; Schema: public; Owner: itcadmin
--

ALTER TABLE ONLY public.pme_initiative
    ADD CONSTRAINT pme_initiative_pkey PRIMARY KEY (id);


--
-- Name: pme_initiativeaccomplishment pme_initiativeaccomplishment_initiative_id_key; Type: CONSTRAINT; Schema: public; Owner: itcadmin
--

ALTER TABLE ONLY public.pme_initiativeaccomplishment
    ADD CONSTRAINT pme_initiativeaccomplishment_initiative_id_key UNIQUE (initiative_id);


--
-- Name: pme_initiativeaccomplishment pme_initiativeaccomplishment_pkey; Type: CONSTRAINT; Schema: public; Owner: itcadmin
--

ALTER TABLE ONLY public.pme_initiativeaccomplishment
    ADD CONSTRAINT pme_initiativeaccomplishment_pkey PRIMARY KEY (id);


--
-- Name: pme_item pme_item_pkey; Type: CONSTRAINT; Schema: public; Owner: itcadmin
--

ALTER TABLE ONLY public.pme_item
    ADD CONSTRAINT pme_item_pkey PRIMARY KEY (id);


--
-- Name: pme_itemcontributor pme_itemcontributor_item_id_unit_id_961068ec_uniq; Type: CONSTRAINT; Schema: public; Owner: itcadmin
--

ALTER TABLE ONLY public.pme_itemcontributor
    ADD CONSTRAINT pme_itemcontributor_item_id_unit_id_961068ec_uniq UNIQUE (item_id, unit_id);


--
-- Name: pme_itemcontributor pme_itemcontributor_pkey; Type: CONSTRAINT; Schema: public; Owner: itcadmin
--

ALTER TABLE ONLY public.pme_itemcontributor
    ADD CONSTRAINT pme_itemcontributor_pkey PRIMARY KEY (id);


--
-- Name: pme_reportingfrequency pme_reportingfrequency_pkey; Type: CONSTRAINT; Schema: public; Owner: itcadmin
--

ALTER TABLE ONLY public.pme_reportingfrequency
    ADD CONSTRAINT pme_reportingfrequency_pkey PRIMARY KEY (id);


--
-- Name: pme_reportingperiod pme_reportingperiod_document_id_period_number_3021951f_uniq; Type: CONSTRAINT; Schema: public; Owner: itcadmin
--

ALTER TABLE ONLY public.pme_reportingperiod
    ADD CONSTRAINT pme_reportingperiod_document_id_period_number_3021951f_uniq UNIQUE (document_id, period_number);


--
-- Name: pme_reportingperiod pme_reportingperiod_pkey; Type: CONSTRAINT; Schema: public; Owner: itcadmin
--

ALTER TABLE ONLY public.pme_reportingperiod
    ADD CONSTRAINT pme_reportingperiod_pkey PRIMARY KEY (id);


--
-- Name: pme_template pme_template_pkey; Type: CONSTRAINT; Schema: public; Owner: itcadmin
--

ALTER TABLE ONLY public.pme_template
    ADD CONSTRAINT pme_template_pkey PRIMARY KEY (id);


--
-- Name: pme_templatenodetype pme_templatenodetype_pkey; Type: CONSTRAINT; Schema: public; Owner: itcadmin
--

ALTER TABLE ONLY public.pme_templatenodetype
    ADD CONSTRAINT pme_templatenodetype_pkey PRIMARY KEY (id);


--
-- Name: pme_templatenodetype pme_templatenodetype_template_id_name_b60cfdbf_uniq; Type: CONSTRAINT; Schema: public; Owner: itcadmin
--

ALTER TABLE ONLY public.pme_templatenodetype
    ADD CONSTRAINT pme_templatenodetype_template_id_name_b60cfdbf_uniq UNIQUE (template_id, name);


--
-- Name: token_blacklist_blacklistedtoken token_blacklist_blacklistedtoken_pkey; Type: CONSTRAINT; Schema: public; Owner: itcadmin
--

ALTER TABLE ONLY public.token_blacklist_blacklistedtoken
    ADD CONSTRAINT token_blacklist_blacklistedtoken_pkey PRIMARY KEY (id);


--
-- Name: token_blacklist_blacklistedtoken token_blacklist_blacklistedtoken_token_id_key; Type: CONSTRAINT; Schema: public; Owner: itcadmin
--

ALTER TABLE ONLY public.token_blacklist_blacklistedtoken
    ADD CONSTRAINT token_blacklist_blacklistedtoken_token_id_key UNIQUE (token_id);


--
-- Name: token_blacklist_outstandingtoken token_blacklist_outstandingtoken_jti_hex_d9bdf6f7_uniq; Type: CONSTRAINT; Schema: public; Owner: itcadmin
--

ALTER TABLE ONLY public.token_blacklist_outstandingtoken
    ADD CONSTRAINT token_blacklist_outstandingtoken_jti_hex_d9bdf6f7_uniq UNIQUE (jti);


--
-- Name: token_blacklist_outstandingtoken token_blacklist_outstandingtoken_pkey; Type: CONSTRAINT; Schema: public; Owner: itcadmin
--

ALTER TABLE ONLY public.token_blacklist_outstandingtoken
    ADD CONSTRAINT token_blacklist_outstandingtoken_pkey PRIMARY KEY (id);


--
-- Name: auth_group_name_a6ea08ec_like; Type: INDEX; Schema: public; Owner: itcadmin
--

CREATE INDEX auth_group_name_a6ea08ec_like ON public.auth_group USING btree (name varchar_pattern_ops);


--
-- Name: auth_group_permissions_group_id_b120cbf9; Type: INDEX; Schema: public; Owner: itcadmin
--

CREATE INDEX auth_group_permissions_group_id_b120cbf9 ON public.auth_group_permissions USING btree (group_id);


--
-- Name: auth_group_permissions_permission_id_84c5c92e; Type: INDEX; Schema: public; Owner: itcadmin
--

CREATE INDEX auth_group_permissions_permission_id_84c5c92e ON public.auth_group_permissions USING btree (permission_id);


--
-- Name: auth_permission_content_type_id_2f476e4b; Type: INDEX; Schema: public; Owner: itcadmin
--

CREATE INDEX auth_permission_content_type_id_2f476e4b ON public.auth_permission USING btree (content_type_id);


--
-- Name: authentication_user_email_2220eff5_like; Type: INDEX; Schema: public; Owner: itcadmin
--

CREATE INDEX authentication_user_email_2220eff5_like ON public.authentication_user USING btree (email varchar_pattern_ops);


--
-- Name: authentication_user_groups_group_id_6b5c44b7; Type: INDEX; Schema: public; Owner: itcadmin
--

CREATE INDEX authentication_user_groups_group_id_6b5c44b7 ON public.authentication_user_groups USING btree (group_id);


--
-- Name: authentication_user_groups_user_id_30868577; Type: INDEX; Schema: public; Owner: itcadmin
--

CREATE INDEX authentication_user_groups_user_id_30868577 ON public.authentication_user_groups USING btree (user_id);


--
-- Name: authentication_user_user_permissions_permission_id_ea6be19a; Type: INDEX; Schema: public; Owner: itcadmin
--

CREATE INDEX authentication_user_user_permissions_permission_id_ea6be19a ON public.authentication_user_user_permissions USING btree (permission_id);


--
-- Name: authentication_user_user_permissions_user_id_736ebf7e; Type: INDEX; Schema: public; Owner: itcadmin
--

CREATE INDEX authentication_user_user_permissions_user_id_736ebf7e ON public.authentication_user_user_permissions USING btree (user_id);


--
-- Name: core_unit_parent_id_92d86b0b; Type: INDEX; Schema: public; Owner: itcadmin
--

CREATE INDEX core_unit_parent_id_92d86b0b ON public.core_unit USING btree (parent_id);


--
-- Name: core_unit_short_code_c05753ff_like; Type: INDEX; Schema: public; Owner: itcadmin
--

CREATE INDEX core_unit_short_code_c05753ff_like ON public.core_unit USING btree (short_code varchar_pattern_ops);


--
-- Name: core_unitofmeasure_short_code_dde2ec41_like; Type: INDEX; Schema: public; Owner: itcadmin
--

CREATE INDEX core_unitofmeasure_short_code_dde2ec41_like ON public.core_unitofmeasure USING btree (short_code varchar_pattern_ops);


--
-- Name: core_userunit_unit_id_292028c5; Type: INDEX; Schema: public; Owner: itcadmin
--

CREATE INDEX core_userunit_unit_id_292028c5 ON public.core_userunit USING btree (unit_id);


--
-- Name: core_userunit_user_id_596912a8; Type: INDEX; Schema: public; Owner: itcadmin
--

CREATE INDEX core_userunit_user_id_596912a8 ON public.core_userunit USING btree (user_id);


--
-- Name: django_admin_log_content_type_id_c4bce8eb; Type: INDEX; Schema: public; Owner: itcadmin
--

CREATE INDEX django_admin_log_content_type_id_c4bce8eb ON public.django_admin_log USING btree (content_type_id);


--
-- Name: django_admin_log_user_id_c564eba6; Type: INDEX; Schema: public; Owner: itcadmin
--

CREATE INDEX django_admin_log_user_id_c564eba6 ON public.django_admin_log USING btree (user_id);


--
-- Name: django_session_expire_date_a5c62663; Type: INDEX; Schema: public; Owner: itcadmin
--

CREATE INDEX django_session_expire_date_a5c62663 ON public.django_session USING btree (expire_date);


--
-- Name: django_session_session_key_c0390e0f_like; Type: INDEX; Schema: public; Owner: itcadmin
--

CREATE INDEX django_session_session_key_c0390e0f_like ON public.django_session USING btree (session_key varchar_pattern_ops);


--
-- Name: pme_document_reporting_frequency_id_ccadae97; Type: INDEX; Schema: public; Owner: itcadmin
--

CREATE INDEX pme_document_reporting_frequency_id_ccadae97 ON public.pme_document USING btree (reporting_frequency_id);


--
-- Name: pme_document_template_id_0c38c6f3; Type: INDEX; Schema: public; Owner: itcadmin
--

CREATE INDEX pme_document_template_id_0c38c6f3 ON public.pme_document USING btree (template_id);


--
-- Name: pme_initiat_initiat_60223f_idx; Type: INDEX; Schema: public; Owner: itcadmin
--

CREATE INDEX pme_initiat_initiat_60223f_idx ON public.pme_initiativeaccomplishment USING btree (initiative_id, reporting_period_id);


--
-- Name: pme_initiat_item_id_355a47_idx; Type: INDEX; Schema: public; Owner: itcadmin
--

CREATE INDEX pme_initiat_item_id_355a47_idx ON public.pme_initiative USING btree (item_id, description);


--
-- Name: pme_initiative_created_by_id_1f8bb000; Type: INDEX; Schema: public; Owner: itcadmin
--

CREATE INDEX pme_initiative_created_by_id_1f8bb000 ON public.pme_initiative USING btree (created_by_id);


--
-- Name: pme_initiative_item_id_5789d724; Type: INDEX; Schema: public; Owner: itcadmin
--

CREATE INDEX pme_initiative_item_id_5789d724 ON public.pme_initiative USING btree (item_id);


--
-- Name: pme_initiative_unit_id_1fdf17c6; Type: INDEX; Schema: public; Owner: itcadmin
--

CREATE INDEX pme_initiative_unit_id_1fdf17c6 ON public.pme_initiative USING btree (unit_id);


--
-- Name: pme_initiativeaccomplishment_reporting_period_id_ff5d398a; Type: INDEX; Schema: public; Owner: itcadmin
--

CREATE INDEX pme_initiativeaccomplishment_reporting_period_id_ff5d398a ON public.pme_initiativeaccomplishment USING btree (reporting_period_id);


--
-- Name: pme_initiativeaccomplishment_submitted_by_id_f5323c7f; Type: INDEX; Schema: public; Owner: itcadmin
--

CREATE INDEX pme_initiativeaccomplishment_submitted_by_id_f5323c7f ON public.pme_initiativeaccomplishment USING btree (submitted_by_id);


--
-- Name: pme_item_documen_56ddc1_idx; Type: INDEX; Schema: public; Owner: itcadmin
--

CREATE INDEX pme_item_documen_56ddc1_idx ON public.pme_item USING btree (document_id);


--
-- Name: pme_item_document_id_830b3cb8; Type: INDEX; Schema: public; Owner: itcadmin
--

CREATE INDEX pme_item_document_id_830b3cb8 ON public.pme_item USING btree (document_id);


--
-- Name: pme_item_parent__559813_idx; Type: INDEX; Schema: public; Owner: itcadmin
--

CREATE INDEX pme_item_parent__559813_idx ON public.pme_item USING btree (parent_id);


--
-- Name: pme_item_parent_id_2a635567; Type: INDEX; Schema: public; Owner: itcadmin
--

CREATE INDEX pme_item_parent_id_2a635567 ON public.pme_item USING btree (parent_id);


--
-- Name: pme_item_templat_adf9c6_idx; Type: INDEX; Schema: public; Owner: itcadmin
--

CREATE INDEX pme_item_templat_adf9c6_idx ON public.pme_item USING btree (template_node_type_id);


--
-- Name: pme_item_template_node_type_id_245b2e97; Type: INDEX; Schema: public; Owner: itcadmin
--

CREATE INDEX pme_item_template_node_type_id_245b2e97 ON public.pme_item USING btree (template_node_type_id);


--
-- Name: pme_item_unit_of_measure_id_28abbd6e; Type: INDEX; Schema: public; Owner: itcadmin
--

CREATE INDEX pme_item_unit_of_measure_id_28abbd6e ON public.pme_item USING btree (unit_of_measure_id);


--
-- Name: pme_itemcontributor_item_id_16988f79; Type: INDEX; Schema: public; Owner: itcadmin
--

CREATE INDEX pme_itemcontributor_item_id_16988f79 ON public.pme_itemcontributor USING btree (item_id);


--
-- Name: pme_itemcontributor_unit_id_d33f766a; Type: INDEX; Schema: public; Owner: itcadmin
--

CREATE INDEX pme_itemcontributor_unit_id_d33f766a ON public.pme_itemcontributor USING btree (unit_id);


--
-- Name: pme_reportingperiod_document_id_617b3a36; Type: INDEX; Schema: public; Owner: itcadmin
--

CREATE INDEX pme_reportingperiod_document_id_617b3a36 ON public.pme_reportingperiod USING btree (document_id);


--
-- Name: pme_templatenodetype_template_id_9a4151a7; Type: INDEX; Schema: public; Owner: itcadmin
--

CREATE INDEX pme_templatenodetype_template_id_9a4151a7 ON public.pme_templatenodetype USING btree (template_id);


--
-- Name: token_blacklist_outstandingtoken_jti_hex_d9bdf6f7_like; Type: INDEX; Schema: public; Owner: itcadmin
--

CREATE INDEX token_blacklist_outstandingtoken_jti_hex_d9bdf6f7_like ON public.token_blacklist_outstandingtoken USING btree (jti varchar_pattern_ops);


--
-- Name: token_blacklist_outstandingtoken_user_id_83bc629a; Type: INDEX; Schema: public; Owner: itcadmin
--

CREATE INDEX token_blacklist_outstandingtoken_user_id_83bc629a ON public.token_blacklist_outstandingtoken USING btree (user_id);


--
-- Name: auth_group_permissions auth_group_permissio_permission_id_84c5c92e_fk_auth_perm; Type: FK CONSTRAINT; Schema: public; Owner: itcadmin
--

ALTER TABLE ONLY public.auth_group_permissions
    ADD CONSTRAINT auth_group_permissio_permission_id_84c5c92e_fk_auth_perm FOREIGN KEY (permission_id) REFERENCES public.auth_permission(id) DEFERRABLE INITIALLY DEFERRED;


--
-- Name: auth_group_permissions auth_group_permissions_group_id_b120cbf9_fk_auth_group_id; Type: FK CONSTRAINT; Schema: public; Owner: itcadmin
--

ALTER TABLE ONLY public.auth_group_permissions
    ADD CONSTRAINT auth_group_permissions_group_id_b120cbf9_fk_auth_group_id FOREIGN KEY (group_id) REFERENCES public.auth_group(id) DEFERRABLE INITIALLY DEFERRED;


--
-- Name: auth_permission auth_permission_content_type_id_2f476e4b_fk_django_co; Type: FK CONSTRAINT; Schema: public; Owner: itcadmin
--

ALTER TABLE ONLY public.auth_permission
    ADD CONSTRAINT auth_permission_content_type_id_2f476e4b_fk_django_co FOREIGN KEY (content_type_id) REFERENCES public.django_content_type(id) DEFERRABLE INITIALLY DEFERRED;


--
-- Name: authentication_user_user_permissions authentication_user__permission_id_ea6be19a_fk_auth_perm; Type: FK CONSTRAINT; Schema: public; Owner: itcadmin
--

ALTER TABLE ONLY public.authentication_user_user_permissions
    ADD CONSTRAINT authentication_user__permission_id_ea6be19a_fk_auth_perm FOREIGN KEY (permission_id) REFERENCES public.auth_permission(id) DEFERRABLE INITIALLY DEFERRED;


--
-- Name: authentication_user_groups authentication_user__user_id_30868577_fk_authentic; Type: FK CONSTRAINT; Schema: public; Owner: itcadmin
--

ALTER TABLE ONLY public.authentication_user_groups
    ADD CONSTRAINT authentication_user__user_id_30868577_fk_authentic FOREIGN KEY (user_id) REFERENCES public.authentication_user(id) DEFERRABLE INITIALLY DEFERRED;


--
-- Name: authentication_user_user_permissions authentication_user__user_id_736ebf7e_fk_authentic; Type: FK CONSTRAINT; Schema: public; Owner: itcadmin
--

ALTER TABLE ONLY public.authentication_user_user_permissions
    ADD CONSTRAINT authentication_user__user_id_736ebf7e_fk_authentic FOREIGN KEY (user_id) REFERENCES public.authentication_user(id) DEFERRABLE INITIALLY DEFERRED;


--
-- Name: authentication_user_groups authentication_user_groups_group_id_6b5c44b7_fk_auth_group_id; Type: FK CONSTRAINT; Schema: public; Owner: itcadmin
--

ALTER TABLE ONLY public.authentication_user_groups
    ADD CONSTRAINT authentication_user_groups_group_id_6b5c44b7_fk_auth_group_id FOREIGN KEY (group_id) REFERENCES public.auth_group(id) DEFERRABLE INITIALLY DEFERRED;


--
-- Name: core_profile core_profile_user_id_bf8ada58_fk_authentication_user_id; Type: FK CONSTRAINT; Schema: public; Owner: itcadmin
--

ALTER TABLE ONLY public.core_profile
    ADD CONSTRAINT core_profile_user_id_bf8ada58_fk_authentication_user_id FOREIGN KEY (user_id) REFERENCES public.authentication_user(id) DEFERRABLE INITIALLY DEFERRED;


--
-- Name: core_unit core_unit_parent_id_92d86b0b_fk_core_unit_id; Type: FK CONSTRAINT; Schema: public; Owner: itcadmin
--

ALTER TABLE ONLY public.core_unit
    ADD CONSTRAINT core_unit_parent_id_92d86b0b_fk_core_unit_id FOREIGN KEY (parent_id) REFERENCES public.core_unit(id) DEFERRABLE INITIALLY DEFERRED;


--
-- Name: core_userunit core_userunit_unit_id_292028c5_fk_core_unit_id; Type: FK CONSTRAINT; Schema: public; Owner: itcadmin
--

ALTER TABLE ONLY public.core_userunit
    ADD CONSTRAINT core_userunit_unit_id_292028c5_fk_core_unit_id FOREIGN KEY (unit_id) REFERENCES public.core_unit(id) DEFERRABLE INITIALLY DEFERRED;


--
-- Name: core_userunit core_userunit_user_id_596912a8_fk_authentication_user_id; Type: FK CONSTRAINT; Schema: public; Owner: itcadmin
--

ALTER TABLE ONLY public.core_userunit
    ADD CONSTRAINT core_userunit_user_id_596912a8_fk_authentication_user_id FOREIGN KEY (user_id) REFERENCES public.authentication_user(id) DEFERRABLE INITIALLY DEFERRED;


--
-- Name: django_admin_log django_admin_log_content_type_id_c4bce8eb_fk_django_co; Type: FK CONSTRAINT; Schema: public; Owner: itcadmin
--

ALTER TABLE ONLY public.django_admin_log
    ADD CONSTRAINT django_admin_log_content_type_id_c4bce8eb_fk_django_co FOREIGN KEY (content_type_id) REFERENCES public.django_content_type(id) DEFERRABLE INITIALLY DEFERRED;


--
-- Name: django_admin_log django_admin_log_user_id_c564eba6_fk_authentication_user_id; Type: FK CONSTRAINT; Schema: public; Owner: itcadmin
--

ALTER TABLE ONLY public.django_admin_log
    ADD CONSTRAINT django_admin_log_user_id_c564eba6_fk_authentication_user_id FOREIGN KEY (user_id) REFERENCES public.authentication_user(id) DEFERRABLE INITIALLY DEFERRED;


--
-- Name: pme_document pme_document_reporting_frequency__ccadae97_fk_pme_repor; Type: FK CONSTRAINT; Schema: public; Owner: itcadmin
--

ALTER TABLE ONLY public.pme_document
    ADD CONSTRAINT pme_document_reporting_frequency__ccadae97_fk_pme_repor FOREIGN KEY (reporting_frequency_id) REFERENCES public.pme_reportingfrequency(id) DEFERRABLE INITIALLY DEFERRED;


--
-- Name: pme_document pme_document_template_id_0c38c6f3_fk_pme_template_id; Type: FK CONSTRAINT; Schema: public; Owner: itcadmin
--

ALTER TABLE ONLY public.pme_document
    ADD CONSTRAINT pme_document_template_id_0c38c6f3_fk_pme_template_id FOREIGN KEY (template_id) REFERENCES public.pme_template(id) DEFERRABLE INITIALLY DEFERRED;


--
-- Name: pme_initiative pme_initiative_created_by_id_1f8bb000_fk_authentication_user_id; Type: FK CONSTRAINT; Schema: public; Owner: itcadmin
--

ALTER TABLE ONLY public.pme_initiative
    ADD CONSTRAINT pme_initiative_created_by_id_1f8bb000_fk_authentication_user_id FOREIGN KEY (created_by_id) REFERENCES public.authentication_user(id) DEFERRABLE INITIALLY DEFERRED;


--
-- Name: pme_initiative pme_initiative_item_id_5789d724_fk_pme_item_id; Type: FK CONSTRAINT; Schema: public; Owner: itcadmin
--

ALTER TABLE ONLY public.pme_initiative
    ADD CONSTRAINT pme_initiative_item_id_5789d724_fk_pme_item_id FOREIGN KEY (item_id) REFERENCES public.pme_item(id) DEFERRABLE INITIALLY DEFERRED;


--
-- Name: pme_initiative pme_initiative_unit_id_1fdf17c6_fk_core_unit_id; Type: FK CONSTRAINT; Schema: public; Owner: itcadmin
--

ALTER TABLE ONLY public.pme_initiative
    ADD CONSTRAINT pme_initiative_unit_id_1fdf17c6_fk_core_unit_id FOREIGN KEY (unit_id) REFERENCES public.core_unit(id) DEFERRABLE INITIALLY DEFERRED;


--
-- Name: pme_initiativeaccomplishment pme_initiativeaccomp_initiative_id_f8dcd492_fk_pme_initi; Type: FK CONSTRAINT; Schema: public; Owner: itcadmin
--

ALTER TABLE ONLY public.pme_initiativeaccomplishment
    ADD CONSTRAINT pme_initiativeaccomp_initiative_id_f8dcd492_fk_pme_initi FOREIGN KEY (initiative_id) REFERENCES public.pme_initiative(id) DEFERRABLE INITIALLY DEFERRED;


--
-- Name: pme_initiativeaccomplishment pme_initiativeaccomp_reporting_period_id_ff5d398a_fk_pme_repor; Type: FK CONSTRAINT; Schema: public; Owner: itcadmin
--

ALTER TABLE ONLY public.pme_initiativeaccomplishment
    ADD CONSTRAINT pme_initiativeaccomp_reporting_period_id_ff5d398a_fk_pme_repor FOREIGN KEY (reporting_period_id) REFERENCES public.pme_reportingperiod(id) DEFERRABLE INITIALLY DEFERRED;


--
-- Name: pme_initiativeaccomplishment pme_initiativeaccomp_submitted_by_id_f5323c7f_fk_authentic; Type: FK CONSTRAINT; Schema: public; Owner: itcadmin
--

ALTER TABLE ONLY public.pme_initiativeaccomplishment
    ADD CONSTRAINT pme_initiativeaccomp_submitted_by_id_f5323c7f_fk_authentic FOREIGN KEY (submitted_by_id) REFERENCES public.authentication_user(id) DEFERRABLE INITIALLY DEFERRED;


--
-- Name: pme_item pme_item_document_id_830b3cb8_fk_pme_document_id; Type: FK CONSTRAINT; Schema: public; Owner: itcadmin
--

ALTER TABLE ONLY public.pme_item
    ADD CONSTRAINT pme_item_document_id_830b3cb8_fk_pme_document_id FOREIGN KEY (document_id) REFERENCES public.pme_document(id) DEFERRABLE INITIALLY DEFERRED;


--
-- Name: pme_item pme_item_parent_id_2a635567_fk_pme_item_id; Type: FK CONSTRAINT; Schema: public; Owner: itcadmin
--

ALTER TABLE ONLY public.pme_item
    ADD CONSTRAINT pme_item_parent_id_2a635567_fk_pme_item_id FOREIGN KEY (parent_id) REFERENCES public.pme_item(id) DEFERRABLE INITIALLY DEFERRED;


--
-- Name: pme_item pme_item_template_node_type_i_245b2e97_fk_pme_templ; Type: FK CONSTRAINT; Schema: public; Owner: itcadmin
--

ALTER TABLE ONLY public.pme_item
    ADD CONSTRAINT pme_item_template_node_type_i_245b2e97_fk_pme_templ FOREIGN KEY (template_node_type_id) REFERENCES public.pme_templatenodetype(id) DEFERRABLE INITIALLY DEFERRED;


--
-- Name: pme_item pme_item_unit_of_measure_id_28abbd6e_fk_core_unitofmeasure_id; Type: FK CONSTRAINT; Schema: public; Owner: itcadmin
--

ALTER TABLE ONLY public.pme_item
    ADD CONSTRAINT pme_item_unit_of_measure_id_28abbd6e_fk_core_unitofmeasure_id FOREIGN KEY (unit_of_measure_id) REFERENCES public.core_unitofmeasure(id) DEFERRABLE INITIALLY DEFERRED;


--
-- Name: pme_itemcontributor pme_itemcontributor_item_id_16988f79_fk_pme_item_id; Type: FK CONSTRAINT; Schema: public; Owner: itcadmin
--

ALTER TABLE ONLY public.pme_itemcontributor
    ADD CONSTRAINT pme_itemcontributor_item_id_16988f79_fk_pme_item_id FOREIGN KEY (item_id) REFERENCES public.pme_item(id) DEFERRABLE INITIALLY DEFERRED;


--
-- Name: pme_itemcontributor pme_itemcontributor_unit_id_d33f766a_fk_core_unit_id; Type: FK CONSTRAINT; Schema: public; Owner: itcadmin
--

ALTER TABLE ONLY public.pme_itemcontributor
    ADD CONSTRAINT pme_itemcontributor_unit_id_d33f766a_fk_core_unit_id FOREIGN KEY (unit_id) REFERENCES public.core_unit(id) DEFERRABLE INITIALLY DEFERRED;


--
-- Name: pme_reportingperiod pme_reportingperiod_document_id_617b3a36_fk_pme_document_id; Type: FK CONSTRAINT; Schema: public; Owner: itcadmin
--

ALTER TABLE ONLY public.pme_reportingperiod
    ADD CONSTRAINT pme_reportingperiod_document_id_617b3a36_fk_pme_document_id FOREIGN KEY (document_id) REFERENCES public.pme_document(id) DEFERRABLE INITIALLY DEFERRED;


--
-- Name: pme_templatenodetype pme_templatenodetype_template_id_9a4151a7_fk_pme_template_id; Type: FK CONSTRAINT; Schema: public; Owner: itcadmin
--

ALTER TABLE ONLY public.pme_templatenodetype
    ADD CONSTRAINT pme_templatenodetype_template_id_9a4151a7_fk_pme_template_id FOREIGN KEY (template_id) REFERENCES public.pme_template(id) DEFERRABLE INITIALLY DEFERRED;


--
-- Name: token_blacklist_blacklistedtoken token_blacklist_blacklistedtoken_token_id_3cc7fe56_fk; Type: FK CONSTRAINT; Schema: public; Owner: itcadmin
--

ALTER TABLE ONLY public.token_blacklist_blacklistedtoken
    ADD CONSTRAINT token_blacklist_blacklistedtoken_token_id_3cc7fe56_fk FOREIGN KEY (token_id) REFERENCES public.token_blacklist_outstandingtoken(id) DEFERRABLE INITIALLY DEFERRED;


--
-- Name: token_blacklist_outstandingtoken token_blacklist_outs_user_id_83bc629a_fk_authentic; Type: FK CONSTRAINT; Schema: public; Owner: itcadmin
--

ALTER TABLE ONLY public.token_blacklist_outstandingtoken
    ADD CONSTRAINT token_blacklist_outs_user_id_83bc629a_fk_authentic FOREIGN KEY (user_id) REFERENCES public.authentication_user(id) DEFERRABLE INITIALLY DEFERRED;


--
-- PostgreSQL database dump complete
--


